fixture,variant,active_count,kendall_tau,top5_hit_rate,baseline_size,perturbed_size,baseline_saturated_dp_count,perturbed_saturated_dp_count,baseline_total_abs_magnitude,perturbed_total_abs_magnitude,magnitude_recovery_fraction,mean_abs_magnitude_delta,max_abs_magnitude_delta
p1-01,(none),0,-0.066667,0.800000,7,7,0,0,52.000000,0.000000,0.000000,7.428571,18.000000
p1-01,gain,1,-0.066667,0.800000,7,7,0,0,52.000000,0.000000,0.000000,7.428571,18.000000
p1-01,broken,1,-0.066667,0.800000,7,7,0,0,52.000000,3.000000,0.057692,7.285714,16.000000
p1-01,gain+broken,2,-0.066667,0.800000,7,7,0,0,52.000000,3.000000,0.057692,7.285714,16.000000
p1-01,skipTests,1,0.466667,0.800000,7,7,0,0,52.000000,26.000000,0.500000,3.714286,9.000000
p1-01,gain+skipTests,2,0.466667,0.800000,7,7,0,0,52.000000,26.000000,0.500000,3.714286,9.000000
p1-01,broken+skipTests,2,0.333333,0.800000,7,7,0,0,52.000000,34.000000,0.653846,2.857143,7.000000
p1-01,gain+broken+skipTests,3,0.333333,0.800000,7,7,0,0,52.000000,34.000000,0.653846,2.857143,7.000000
p1-01,manualIde,1,0.066667,0.800000,7,7,0,0,52.000000,16.000000,0.307692,5.142857,16.000000
p1-01,gain+manualIde,2,0.066667,0.800000,7,7,0,0,52.000000,16.000000,0.307692,5.142857,16.000000
p1-01,broken+manualIde,2,0.066667,0.800000,7,7,0,0,52.000000,15.000000,0.288462,5.285714,14.000000
p1-01,gain+broken+manualIde,3,0.066667,0.800000,7,7,0,0,52.000000,15.000000,0.288462,5.285714,14.000000
p1-01,skipTests+manualIde,2,0.733333,0.800000,7,7,0,0,52.000000,42.000000,0.807692,2.000000,7.000000
p1-01,gain+skipTests+manualIde,3,0.733333,0.800000,7,7,0,0,52.000000,42.000000,0.807692,2.000000,7.000000
p1-01,broken+skipTests+manualIde,3,0.733333,0.800000,7,7,0,0,52.000000,41.000000,0.788462,1.571429,5.000000
p1-01,gain+broken+skipTests+manualIde,4,0.733333,0.800000,7,7,0,0,52.000000,41.000000,0.788462,1.571429,5.000000
p1-01,length,1,0.333333,0.800000,7,7,0,0,52.000000,12.000000,0.230769,5.714286,12.000000
p1-01,gain+length,2,0.333333,0.800000,7,7,0,0,52.000000,12.000000,0.230769,5.714286,12.000000
p1-01,broken+length,2,0.333333,0.800000,7,7,0,0,52.000000,13.000000,0.250000,5.857143,11.000000
p1-01,gain+broken+length,3,0.333333,0.800000,7,7,0,0,52.000000,13.000000,0.250000,5.857143,11.000000
p1-01,skipTests+length,2,0.600000,0.800000,7,7,0,0,52.000000,38.000000,0.730769,2.000000,6.000000
p1-01,gain+skipTests+length,3,0.600000,0.800000,7,7,0,0,52.000000,38.000000,0.730769,2.000000,6.000000
p1-01,broken+skipTests+length,3,0.600000,0.800000,7,7,0,0,52.000000,44.000000,0.846154,1.428571,5.000000
p1-01,gain+broken+skipTests+length,4,0.600000,0.800000,7,7,0,0,52.000000,44.000000,0.846154,1.428571,5.000000
p1-01,manualIde+length,2,0.333333,0.800000,7,7,0,0,52.000000,26.000000,0.500000,3.714286,11.000000
p1-01,gain+manualIde+length,3,0.333333,0.800000,7,7,0,0,52.000000,26.000000,0.500000,3.714286,11.000000
p1-01,broken+manualIde+length,3,0.466667,0.800000,7,7,0,0,52.000000,26.000000,0.500000,3.714286,9.000000
p1-01,gain+broken+manualIde+length,4,0.466667,0.800000,7,7,0,0,52.000000,26.000000,0.500000,3.714286,9.000000
p1-01,skipTests+manualIde+length,3,1.000000,1.000000,7,7,0,0,52.000000,52.000000,1.000000,0.571429,2.000000
p1-01,gain+skipTests+manualIde+length,4,1.000000,1.000000,7,7,0,0,52.000000,52.000000,1.000000,0.571429,2.000000
p1-01,broken+skipTests+manualIde+length,4,1.000000,1.000000,7,7,0,0,52.000000,52.000000,1.000000,0.000000,0.000000
p1-01,gain+broken+skipTests+manualIde+length,5,1.000000,1.000000,7,7,0,0,52.000000,52.000000,1.000000,0.000000,0.000000
p1-01,commitGap,1,-0.066667,0.800000,7,7,0,0,52.000000,0.000000,0.000000,7.428571,18.000000
p1-01,gain+commitGap,2,-0.066667,0.800000,7,7,0,0,52.000000,0.000000,0.000000,7.428571,18.000000
p1-01,broken+commitGap,2,-0.066667,0.800000,7,7,0,0,52.000000,3.000000,0.057692,7.285714,16.000000
p1-01,gain+broken+commitGap,3,-0.066667,0.800000,7,7,0,0,52.000000,3.000000,0.057692,7.285714,16.000000
p1-01,skipTests+commitGap,2,0.466667,0.800000,7,7,0,0,52.000000,26.000000,0.500000,3.714286,9.000000
p1-01,gain+skipTests+commitGap,3,0.466667,0.800000,7,7,0,0,52.000000,26.000000,0.500000,3.714286,9.000000
p1-01,broken+skipTests+commitGap,3,0.333333,0.800000,7,7,0,0,52.000000,34.000000,0.653846,2.857143,7.000000
p1-01,gain+broken+skipTests+commitGap,4,0.333333,0.800000,7,7,0,0,52.000000,34.000000,0.653846,2.857143,7.000000
p1-01,manualIde+commitGap,2,0.066667,0.800000,7,7,0,0,52.000000,16.000000,0.307692,5.142857,16.000000
p1-01,gain+manualIde+commitGap,3,0.066667,0.800000,7,7,0,0,52.000000,16.000000,0.307692,5.142857,16.000000
p1-01,broken+manualIde+commitGap,3,0.066667,0.800000,7,7,0,0,52.000000,15.000000,0.288462,5.285714,14.000000
p1-01,gain+broken+manualIde+commitGap,4,0.066667,0.800000,7,7,0,0,52.000000,15.000000,0.288462,5.285714,14.000000
p1-01,skipTests+manualIde+commitGap,3,0.733333,0.800000,7,7,0,0,52.000000,42.000000,0.807692,2.000000,7.000000
p1-01,gain+skipTests+manualIde+commitGap,4,0.733333,0.800000,7,7,0,0,52.000000,42.000000,0.807692,2.000000,7.000000
p1-01,broken+skipTests+manualIde+commitGap,4,0.733333,0.800000,7,7,0,0,52.000000,41.000000,0.788462,1.571429,5.000000
p1-01,gain+broken+skipTests+manualIde+commitGap,5,0.733333,0.800000,7,7,0,0,52.000000,41.000000,0.788462,1.571429,5.000000
p1-01,length+commitGap,2,0.333333,0.800000,7,7,0,0,52.000000,12.000000,0.230769,5.714286,12.000000
p1-01,gain+length+commitGap,3,0.333333,0.800000,7,7,0,0,52.000000,12.000000,0.230769,5.714286,12.000000
p1-01,broken+length+commitGap,3,0.333333,0.800000,7,7,0,0,52.000000,13.000000,0.250000,5.857143,11.000000
p1-01,gain+broken+length+commitGap,4,0.333333,0.800000,7,7,0,0,52.000000,13.000000,0.250000,5.857143,11.000000
p1-01,skipTests+length+commitGap,3,0.600000,0.800000,7,7,0,0,52.000000,38.000000,0.730769,2.000000,6.000000
p1-01,gain+skipTests+length+commitGap,4,0.600000,0.800000,7,7,0,0,52.000000,38.000000,0.730769,2.000000,6.000000
p1-01,broken+skipTests+length+commitGap,4,0.600000,0.800000,7,7,0,0,52.000000,44.000000,0.846154,1.428571,5.000000
p1-01,gain+broken+skipTests+length+commitGap,5,0.600000,0.800000,7,7,0,0,52.000000,44.000000,0.846154,1.428571,5.000000
p1-01,manualIde+length+commitGap,3,0.333333,0.800000,7,7,0,0,52.000000,26.000000,0.500000,3.714286,11.000000
p1-01,gain+manualIde+length+commitGap,4,0.333333,0.800000,7,7,0,0,52.000000,26.000000,0.500000,3.714286,11.000000
p1-01,broken+manualIde+length+commitGap,4,0.466667,0.800000,7,7,0,0,52.000000,26.000000,0.500000,3.714286,9.000000
p1-01,gain+broken+manualIde+length+commitGap,5,0.466667,0.800000,7,7,0,0,52.000000,26.000000,0.500000,3.714286,9.000000
p1-01,skipTests+manualIde+length+commitGap,4,1.000000,1.000000,7,7,0,0,52.000000,52.000000,1.000000,0.571429,2.000000
p1-01,gain+skipTests+manualIde+length+commitGap,5,1.000000,1.000000,7,7,0,0,52.000000,52.000000,1.000000,0.571429,2.000000
p1-01,broken+skipTests+manualIde+length+commitGap,5,1.000000,1.000000,7,7,0,0,52.000000,52.000000,1.000000,0.000000,0.000000
p1-01,gain+broken+skipTests+manualIde+length+commitGap,6,1.000000,1.000000,7,7,0,0,52.000000,52.000000,1.000000,0.000000,0.000000
p1-02,(none),0,0.400000,1.000000,5,5,0,0,21.000000,0.000000,0.000000,4.200000,7.000000
p1-02,gain,1,0.400000,1.000000,5,5,0,0,21.000000,0.000000,0.000000,4.200000,7.000000
p1-02,broken,1,0.400000,1.000000,5,5,0,0,21.000000,0.000000,0.000000,4.200000,7.000000
p1-02,gain+broken,2,0.400000,1.000000,5,5,0,0,21.000000,0.000000,0.000000,4.200000,7.000000
p1-02,skipTests,1,0.400000,1.000000,5,5,0,0,21.000000,0.000000,0.000000,4.200000,7.000000
p1-02,gain+skipTests,2,0.400000,1.000000,5,5,0,0,21.000000,0.000000,0.000000,4.200000,7.000000
p1-02,broken+skipTests,2,0.400000,1.000000,5,5,0,0,21.000000,0.000000,0.000000,4.200000,7.000000
p1-02,gain+broken+skipTests,3,0.400000,1.000000,5,5,0,0,21.000000,0.000000,0.000000,4.200000,7.000000
p1-02,manualIde,1,0.400000,1.000000,5,5,0,0,21.000000,0.000000,0.000000,4.200000,7.000000
p1-02,gain+manualIde,2,0.400000,1.000000,5,5,0,0,21.000000,0.000000,0.000000,4.200000,7.000000
p1-02,broken+manualIde,2,0.400000,1.000000,5,5,0,0,21.000000,0.000000,0.000000,4.200000,7.000000
p1-02,gain+broken+manualIde,3,0.400000,1.000000,5,5,0,0,21.000000,0.000000,0.000000,4.200000,7.000000
p1-02,skipTests+manualIde,2,0.400000,1.000000,5,5,0,0,21.000000,0.000000,0.000000,4.200000,7.000000
p1-02,gain+skipTests+manualIde,3,0.400000,1.000000,5,5,0,0,21.000000,0.000000,0.000000,4.200000,7.000000
p1-02,broken+skipTests+manualIde,3,0.400000,1.000000,5,5,0,0,21.000000,0.000000,0.000000,4.200000,7.000000
p1-02,gain+broken+skipTests+manualIde,4,0.400000,1.000000,5,5,0,0,21.000000,0.000000,0.000000,4.200000,7.000000
p1-02,length,1,0.400000,1.000000,5,5,0,0,21.000000,0.000000,0.000000,4.200000,7.000000
p1-02,gain+length,2,0.400000,1.000000,5,5,0,0,21.000000,0.000000,0.000000,4.200000,7.000000
p1-02,broken+length,2,0.400000,1.000000,5,5,0,0,21.000000,0.000000,0.000000,4.200000,7.000000
p1-02,gain+broken+length,3,0.400000,1.000000,5,5,0,0,21.000000,0.000000,0.000000,4.200000,7.000000
p1-02,skipTests+length,2,0.400000,1.000000,5,5,0,0,21.000000,0.000000,0.000000,4.200000,7.000000
p1-02,gain+skipTests+length,3,0.400000,1.000000,5,5,0,0,21.000000,0.000000,0.000000,4.200000,7.000000
p1-02,broken+skipTests+length,3,0.400000,1.000000,5,5,0,0,21.000000,0.000000,0.000000,4.200000,7.000000
p1-02,gain+broken+skipTests+length,4,0.400000,1.000000,5,5,0,0,21.000000,0.000000,0.000000,4.200000,7.000000
p1-02,manualIde+length,2,0.400000,1.000000,5,5,0,0,21.000000,0.000000,0.000000,4.200000,7.000000
p1-02,gain+manualIde+length,3,0.400000,1.000000,5,5,0,0,21.000000,0.000000,0.000000,4.200000,7.000000
p1-02,broken+manualIde+length,3,0.400000,1.000000,5,5,0,0,21.000000,0.000000,0.000000,4.200000,7.000000
p1-02,gain+broken+manualIde+length,4,0.400000,1.000000,5,5,0,0,21.000000,0.000000,0.000000,4.200000,7.000000
p1-02,skipTests+manualIde+length,3,0.400000,1.000000,5,5,0,0,21.000000,0.000000,0.000000,4.200000,7.000000
p1-02,gain+skipTests+manualIde+length,4,0.400000,1.000000,5,5,0,0,21.000000,0.000000,0.000000,4.200000,7.000000
p1-02,broken+skipTests+manualIde+length,4,0.400000,1.000000,5,5,0,0,21.000000,0.000000,0.000000,4.200000,7.000000
p1-02,gain+broken+skipTests+manualIde+length,5,0.400000,1.000000,5,5,0,0,21.000000,0.000000,0.000000,4.200000,7.000000
p1-02,commitGap,1,1.000000,1.000000,5,5,0,0,21.000000,21.000000,1.000000,0.000000,0.000000
p1-02,gain+commitGap,2,1.000000,1.000000,5,5,0,0,21.000000,21.000000,1.000000,0.000000,0.000000
p1-02,broken+commitGap,2,1.000000,1.000000,5,5,0,0,21.000000,21.000000,1.000000,0.000000,0.000000
p1-02,gain+broken+commitGap,3,1.000000,1.000000,5,5,0,0,21.000000,21.000000,1.000000,0.000000,0.000000
p1-02,skipTests+commitGap,2,1.000000,1.000000,5,5,0,0,21.000000,21.000000,1.000000,0.000000,0.000000
p1-02,gain+skipTests+commitGap,3,1.000000,1.000000,5,5,0,0,21.000000,21.000000,1.000000,0.000000,0.000000
p1-02,broken+skipTests+commitGap,3,1.000000,1.000000,5,5,0,0,21.000000,21.000000,1.000000,0.000000,0.000000
p1-02,gain+broken+skipTests+commitGap,4,1.000000,1.000000,5,5,0,0,21.000000,21.000000,1.000000,0.000000,0.000000
p1-02,manualIde+commitGap,2,1.000000,1.000000,5,5,0,0,21.000000,21.000000,1.000000,0.000000,0.000000
p1-02,gain+manualIde+commitGap,3,1.000000,1.000000,5,5,0,0,21.000000,21.000000,1.000000,0.000000,0.000000
p1-02,broken+manualIde+commitGap,3,1.000000,1.000000,5,5,0,0,21.000000,21.000000,1.000000,0.000000,0.000000
p1-02,gain+broken+manualIde+commitGap,4,1.000000,1.000000,5,5,0,0,21.000000,21.000000,1.000000,0.000000,0.000000
p1-02,skipTests+manualIde+commitGap,3,1.000000,1.000000,5,5,0,0,21.000000,21.000000,1.000000,0.000000,0.000000
p1-02,gain+skipTests+manualIde+commitGap,4,1.000000,1.000000,5,5,0,0,21.000000,21.000000,1.000000,0.000000,0.000000
p1-02,broken+skipTests+manualIde+commitGap,4,1.000000,1.000000,5,5,0,0,21.000000,21.000000,1.000000,0.000000,0.000000
p1-02,gain+broken+skipTests+manualIde+commitGap,5,1.000000,1.000000,5,5,0,0,21.000000,21.000000,1.000000,0.000000,0.000000
p1-02,length+commitGap,2,1.000000,1.000000,5,5,0,0,21.000000,21.000000,1.000000,0.000000,0.000000
p1-02,gain+length+commitGap,3,1.000000,1.000000,5,5,0,0,21.000000,21.000000,1.000000,0.000000,0.000000
p1-02,broken+length+commitGap,3,1.000000,1.000000,5,5,0,0,21.000000,21.000000,1.000000,0.000000,0.000000
p1-02,gain+broken+length+commitGap,4,1.000000,1.000000,5,5,0,0,21.000000,21.000000,1.000000,0.000000,0.000000
p1-02,skipTests+length+commitGap,3,1.000000,1.000000,5,5,0,0,21.000000,21.000000,1.000000,0.000000,0.000000
p1-02,gain+skipTests+length+commitGap,4,1.000000,1.000000,5,5,0,0,21.000000,21.000000,1.000000,0.000000,0.000000
p1-02,broken+skipTests+length+commitGap,4,1.000000,1.000000,5,5,0,0,21.000000,21.000000,1.000000,0.000000,0.000000
p1-02,gain+broken+skipTests+length+commitGap,5,1.000000,1.000000,5,5,0,0,21.000000,21.000000,1.000000,0.000000,0.000000
p1-02,manualIde+length+commitGap,3,1.000000,1.000000,5,5,0,0,21.000000,21.000000,1.000000,0.000000,0.000000
p1-02,gain+manualIde+length+commitGap,4,1.000000,1.000000,5,5,0,0,21.000000,21.000000,1.000000,0.000000,0.000000
p1-02,broken+manualIde+length+commitGap,4,1.000000,1.000000,5,5,0,0,21.000000,21.000000,1.000000,0.000000,0.000000
p1-02,gain+broken+manualIde+length+commitGap,5,1.000000,1.000000,5,5,0,0,21.000000,21.000000,1.000000,0.000000,0.000000
p1-02,skipTests+manualIde+length+commitGap,4,1.000000,1.000000,5,5,0,0,21.000000,21.000000,1.000000,0.000000,0.000000
p1-02,gain+skipTests+manualIde+length+commitGap,5,1.000000,1.000000,5,5,0,0,21.000000,21.000000,1.000000,0.000000,0.000000
p1-02,broken+skipTests+manualIde+length+commitGap,5,1.000000,1.000000,5,5,0,0,21.000000,21.000000,1.000000,0.000000,0.000000
p1-02,gain+broken+skipTests+manualIde+length+commitGap,6,1.000000,1.000000,5,5,0,0,21.000000,21.000000,1.000000,0.000000,0.000000
p1-03,(none),0,0.333333,0.800000,8,8,0,0,55.000000,0.000000,0.000000,6.875000,13.000000
p1-03,gain,1,0.333333,0.800000,8,8,0,0,55.000000,0.000000,0.000000,6.875000,13.000000
p1-03,broken,1,0.333333,0.800000,8,8,0,0,55.000000,7.000000,0.127273,7.500000,13.000000
p1-03,gain+broken,2,0.047619,0.800000,8,8,0,0,55.000000,8.000000,0.145455,7.875000,13.000000
p1-03,skipTests,1,0.333333,0.800000,8,8,0,0,55.000000,0.000000,0.000000,6.875000,13.000000
p1-03,gain+skipTests,2,0.333333,0.800000,8,8,0,0,55.000000,0.000000,0.000000,6.875000,13.000000
p1-03,broken+skipTests,2,0.333333,0.800000,8,8,0,0,55.000000,7.000000,0.127273,7.500000,13.000000
p1-03,gain+broken+skipTests,3,0.047619,0.800000,8,8,0,0,55.000000,8.000000,0.145455,7.875000,13.000000
p1-03,manualIde,1,0.047619,0.600000,8,8,0,0,55.000000,3.000000,0.054545,6.500000,13.000000
p1-03,gain+manualIde,2,0.047619,0.600000,8,8,0,0,55.000000,7.000000,0.127273,6.000000,13.000000
p1-03,broken+manualIde,2,0.238095,0.800000,8,8,0,0,55.000000,10.000000,0.181818,6.875000,13.000000
p1-03,gain+broken+manualIde,3,0.238095,0.800000,8,8,0,0,55.000000,11.000000,0.200000,6.750000,13.000000
p1-03,skipTests+manualIde,2,0.047619,0.600000,8,8,0,0,55.000000,3.000000,0.054545,6.500000,13.000000
p1-03,gain+skipTests+manualIde,3,0.047619,0.600000,8,8,0,0,55.000000,7.000000,0.127273,6.000000,13.000000
p1-03,broken+skipTests+manualIde,3,0.238095,0.800000,8,8,0,0,55.000000,10.000000,0.181818,6.875000,13.000000
p1-03,gain+broken+skipTests+manualIde,4,0.238095,0.800000,8,8,0,0,55.000000,11.000000,0.200000,6.750000,13.000000
p1-03,length,1,0.333333,0.800000,8,8,0,0,55.000000,25.000000,0.454545,3.750000,10.000000
p1-03,gain+length,2,0.333333,0.800000,8,8,0,0,55.000000,26.000000,0.472727,3.625000,10.000000
p1-03,broken+length,2,0.333333,0.800000,8,8,0,0,55.000000,32.000000,0.581818,4.375000,10.000000
p1-03,gain+broken+length,3,0.333333,0.800000,8,8,0,0,55.000000,30.000000,0.545455,5.125000,11.000000
p1-03,skipTests+length,2,0.333333,0.800000,8,8,0,0,55.000000,25.000000,0.454545,3.750000,10.000000
p1-03,gain+skipTests+length,3,0.333333,0.800000,8,8,0,0,55.000000,26.000000,0.472727,3.625000,10.000000
p1-03,broken+skipTests+length,3,0.333333,0.800000,8,8,0,0,55.000000,32.000000,0.581818,4.375000,10.000000
p1-03,gain+broken+skipTests+length,4,0.333333,0.800000,8,8,0,0,55.000000,30.000000,0.545455,5.125000,11.000000
p1-03,manualIde+length,2,0.523810,1.000000,8,8,0,0,55.000000,27.000000,0.490909,3.500000,8.000000
p1-03,gain+manualIde+length,3,0.238095,1.000000,8,8,0,0,55.000000,30.000000,0.545455,3.125000,8.000000
p1-03,broken+manualIde+length,3,0.238095,1.000000,8,8,0,0,55.000000,33.000000,0.600000,4.000000,8.000000
p1-03,gain+broken+manualIde+length,4,0.428571,1.000000,8,8,0,0,55.000000,37.000000,0.672727,3.500000,7.000000
p1-03,skipTests+manualIde+length,3,0.523810,1.000000,8,8,0,0,55.000000,27.000000,0.490909,3.500000,8.000000
p1-03,gain+skipTests+manualIde+length,4,0.238095,1.000000,8,8,0,0,55.000000,30.000000,0.545455,3.125000,8.000000
p1-03,broken+skipTests+manualIde+length,4,0.238095,1.000000,8,8,0,0,55.000000,33.000000,0.600000,4.000000,8.000000
p1-03,gain+broken+skipTests+manualIde+length,5,0.428571,1.000000,8,8,0,0,55.000000,37.000000,0.672727,3.500000,7.000000
p1-03,commitGap,1,0.523810,0.600000,8,8,0,0,55.000000,28.000000,0.509091,4.625000,9.000000
p1-03,gain+commitGap,2,0.523810,0.600000,8,8,0,0,55.000000,28.000000,0.509091,4.625000,9.000000
p1-03,broken+commitGap,2,0.523810,0.600000,8,8,0,0,55.000000,23.000000,0.418182,4.000000,8.000000
p1-03,gain+broken+commitGap,3,0.523810,0.800000,8,8,0,0,55.000000,20.000000,0.363636,4.375000,9.000000
p1-03,skipTests+commitGap,2,0.523810,0.600000,8,8,0,0,55.000000,28.000000,0.509091,4.625000,9.000000
p1-03,gain+skipTests+commitGap,3,0.523810,0.600000,8,8,0,0,55.000000,28.000000,0.509091,4.625000,9.000000
p1-03,broken+skipTests+commitGap,3,0.523810,0.600000,8,8,0,0,55.000000,23.000000,0.418182,4.000000,8.000000
p1-03,gain+broken+skipTests+commitGap,4,0.523810,0.800000,8,8,0,0,55.000000,20.000000,0.363636,4.375000,9.000000
p1-03,manualIde+commitGap,2,0.238095,0.600000,8,8,0,0,55.000000,31.000000,0.563636,4.500000,9.000000
p1-03,gain+manualIde+commitGap,3,0.333333,0.600000,8,8,0,0,55.000000,35.000000,0.636364,4.000000,8.000000
p1-03,broken+manualIde+commitGap,3,0.523810,0.600000,8,8,0,0,55.000000,28.000000,0.509091,3.375000,8.000000
p1-03,gain+broken+manualIde+commitGap,4,0.523810,0.600000,8,8,0,0,55.000000,29.000000,0.527273,3.250000,8.000000
p1-03,skipTests+manualIde+commitGap,3,0.238095,0.600000,8,8,0,0,55.000000,31.000000,0.563636,4.500000,9.000000
p1-03,gain+skipTests+manualIde+commitGap,4,0.333333,0.600000,8,8,0,0,55.000000,35.000000,0.636364,4.000000,8.000000
p1-03,broken+skipTests+manualIde+commitGap,4,0.523810,0.600000,8,8,0,0,55.000000,28.000000,0.509091,3.375000,8.000000
p1-03,gain+broken+skipTests+manualIde+commitGap,5,0.523810,0.600000,8,8,0,0,55.000000,29.000000,0.527273,3.250000,8.000000
p1-03,length+commitGap,2,0.714286,0.800000,8,8,0,0,55.000000,53.000000,0.963636,1.500000,5.000000
p1-03,gain+length+commitGap,3,0.619048,0.800000,8,8,0,0,55.000000,54.000000,0.981818,1.375000,5.000000
p1-03,broken+length+commitGap,3,0.809524,1.000000,8,8,0,0,55.000000,48.000000,0.872727,0.875000,3.000000
p1-03,gain+broken+length+commitGap,4,0.714286,1.000000,8,8,0,0,55.000000,42.000000,0.763636,1.625000,4.000000
p1-03,skipTests+length+commitGap,3,0.714286,0.800000,8,8,0,0,55.000000,53.000000,0.963636,1.500000,5.000000
p1-03,gain+skipTests+length+commitGap,4,0.619048,0.800000,8,8,0,0,55.000000,54.000000,0.981818,1.375000,5.000000
p1-03,broken+skipTests+length+commitGap,4,0.809524,1.000000,8,8,0,0,55.000000,48.000000,0.872727,0.875000,3.000000
p1-03,gain+broken+skipTests+length+commitGap,5,0.714286,1.000000,8,8,0,0,55.000000,42.000000,0.763636,1.625000,4.000000
p1-03,manualIde+length+commitGap,3,0.809524,0.800000,8,8,0,0,55.000000,55.000000,1.000000,1.500000,6.000000
p1-03,gain+manualIde+length+commitGap,4,0.714286,0.800000,8,8,0,0,55.000000,58.000000,1.054545,1.125000,6.000000
p1-03,broken+manualIde+length+commitGap,4,0.904762,1.000000,8,8,0,0,55.000000,51.000000,0.927273,0.500000,1.000000
p1-03,gain+broken+manualIde+length+commitGap,5,1.000000,1.000000,8,8,0,0,55.000000,55.000000,1.000000,0.000000,0.000000
p1-03,skipTests+manualIde+length+commitGap,4,0.809524,0.800000,8,8,0,0,55.000000,55.000000,1.000000,1.500000,6.000000
p1-03,gain+skipTests+manualIde+length+commitGap,5,0.714286,0.800000,8,8,0,0,55.000000,58.000000,1.054545,1.125000,6.000000
p1-03,broken+skipTests+manualIde+length+commitGap,5,0.904762,1.000000,8,8,0,0,55.000000,51.000000,0.927273,0.500000,1.000000
p1-03,gain+broken+skipTests+manualIde+length+commitGap,6,1.000000,1.000000,8,8,0,0,55.000000,55.000000,1.000000,0.000000,0.000000
p1-04,(none),0,1.000000,1.000000,0,0,0,0,0.000000,0.000000,1.000000,0.000000,0.000000
p1-04,gain,1,1.000000,1.000000,0,0,0,0,0.000000,0.000000,1.000000,0.000000,0.000000
p1-04,broken,1,1.000000,1.000000,0,0,0,0,0.000000,0.000000,1.000000,0.000000,0.000000
p1-04,gain+broken,2,1.000000,1.000000,0,0,0,0,0.000000,0.000000,1.000000,0.000000,0.000000
p1-04,skipTests,1,1.000000,1.000000,0,0,0,0,0.000000,0.000000,1.000000,0.000000,0.000000
p1-04,gain+skipTests,2,1.000000,1.000000,0,0,0,0,0.000000,0.000000,1.000000,0.000000,0.000000
p1-04,broken+skipTests,2,1.000000,1.000000,0,0,0,0,0.000000,0.000000,1.000000,0.000000,0.000000
p1-04,gain+broken+skipTests,3,1.000000,1.000000,0,0,0,0,0.000000,0.000000,1.000000,0.000000,0.000000
p1-04,manualIde,1,1.000000,1.000000,0,0,0,0,0.000000,0.000000,1.000000,0.000000,0.000000
p1-04,gain+manualIde,2,1.000000,1.000000,0,0,0,0,0.000000,0.000000,1.000000,0.000000,0.000000
p1-04,broken+manualIde,2,1.000000,1.000000,0,0,0,0,0.000000,0.000000,1.000000,0.000000,0.000000
p1-04,gain+broken+manualIde,3,1.000000,1.000000,0,0,0,0,0.000000,0.000000,1.000000,0.000000,0.000000
p1-04,skipTests+manualIde,2,1.000000,1.000000,0,0,0,0,0.000000,0.000000,1.000000,0.000000,0.000000
p1-04,gain+skipTests+manualIde,3,1.000000,1.000000,0,0,0,0,0.000000,0.000000,1.000000,0.000000,0.000000
p1-04,broken+skipTests+manualIde,3,1.000000,1.000000,0,0,0,0,0.000000,0.000000,1.000000,0.000000,0.000000
p1-04,gain+broken+skipTests+manualIde,4,1.000000,1.000000,0,0,0,0,0.000000,0.000000,1.000000,0.000000,0.000000
p1-04,length,1,1.000000,1.000000,0,0,0,0,0.000000,0.000000,1.000000,0.000000,0.000000
p1-04,gain+length,2,1.000000,1.000000,0,0,0,0,0.000000,0.000000,1.000000,0.000000,0.000000
p1-04,broken+length,2,1.000000,1.000000,0,0,0,0,0.000000,0.000000,1.000000,0.000000,0.000000
p1-04,gain+broken+length,3,1.000000,1.000000,0,0,0,0,0.000000,0.000000,1.000000,0.000000,0.000000
p1-04,skipTests+length,2,1.000000,1.000000,0,0,0,0,0.000000,0.000000,1.000000,0.000000,0.000000
p1-04,gain+skipTests+length,3,1.000000,1.000000,0,0,0,0,0.000000,0.000000,1.000000,0.000000,0.000000
p1-04,broken+skipTests+length,3,1.000000,1.000000,0,0,0,0,0.000000,0.000000,1.000000,0.000000,0.000000
p1-04,gain+broken+skipTests+length,4,1.000000,1.000000,0,0,0,0,0.000000,0.000000,1.000000,0.000000,0.000000
p1-04,manualIde+length,2,1.000000,1.000000,0,0,0,0,0.000000,0.000000,1.000000,0.000000,0.000000
p1-04,gain+manualIde+length,3,1.000000,1.000000,0,0,0,0,0.000000,0.000000,1.000000,0.000000,0.000000
p1-04,broken+manualIde+length,3,1.000000,1.000000,0,0,0,0,0.000000,0.000000,1.000000,0.000000,0.000000
p1-04,gain+broken+manualIde+length,4,1.000000,1.000000,0,0,0,0,0.000000,0.000000,1.000000,0.000000,0.000000
p1-04,skipTests+manualIde+length,3,1.000000,1.000000,0,0,0,0,0.000000,0.000000,1.000000,0.000000,0.000000
p1-04,gain+skipTests+manualIde+length,4,1.000000,1.000000,0,0,0,0,0.000000,0.000000,1.000000,0.000000,0.000000
p1-04,broken+skipTests+manualIde+length,4,1.000000,1.000000,0,0,0,0,0.000000,0.000000,1.000000,0.000000,0.000000
p1-04,gain+broken+skipTests+manualIde+length,5,1.000000,1.000000,0,0,0,0,0.000000,0.000000,1.000000,0.000000,0.000000
p1-04,commitGap,1,1.000000,1.000000,0,0,0,0,0.000000,0.000000,1.000000,0.000000,0.000000
p1-04,gain+commitGap,2,1.000000,1.000000,0,0,0,0,0.000000,0.000000,1.000000,0.000000,0.000000
p1-04,broken+commitGap,2,1.000000,1.000000,0,0,0,0,0.000000,0.000000,1.000000,0.000000,0.000000
p1-04,gain+broken+commitGap,3,1.000000,1.000000,0,0,0,0,0.000000,0.000000,1.000000,0.000000,0.000000
p1-04,skipTests+commitGap,2,1.000000,1.000000,0,0,0,0,0.000000,0.000000,1.000000,0.000000,0.000000
p1-04,gain+skipTests+commitGap,3,1.000000,1.000000,0,0,0,0,0.000000,0.000000,1.000000,0.000000,0.000000
p1-04,broken+skipTests+commitGap,3,1.000000,1.000000,0,0,0,0,0.000000,0.000000,1.000000,0.000000,0.000000
p1-04,gain+broken+skipTests+commitGap,4,1.000000,1.000000,0,0,0,0,0.000000,0.000000,1.000000,0.000000,0.000000
p1-04,manualIde+commitGap,2,1.000000,1.000000,0,0,0,0,0.000000,0.000000,1.000000,0.000000,0.000000
p1-04,gain+manualIde+commitGap,3,1.000000,1.000000,0,0,0,0,0.000000,0.000000,1.000000,0.000000,0.000000
p1-04,broken+manualIde+commitGap,3,1.000000,1.000000,0,0,0,0,0.000000,0.000000,1.000000,0.000000,0.000000
p1-04,gain+broken+manualIde+commitGap,4,1.000000,1.000000,0,0,0,0,0.000000,0.000000,1.000000,0.000000,0.000000
p1-04,skipTests+manualIde+commitGap,3,1.000000,1.000000,0,0,0,0,0.000000,0.000000,1.000000,0.000000,0.000000
p1-04,gain+skipTests+manualIde+commitGap,4,1.000000,1.000000,0,0,0,0,0.000000,0.000000,1.000000,0.000000,0.000000
p1-04,broken+skipTests+manualIde+commitGap,4,1.000000,1.000000,0,0,0,0,0.000000,0.000000,1.000000,0.000000,0.000000
p1-04,gain+broken+skipTests+manualIde+commitGap,5,1.000000,1.000000,0,0,0,0,0.000000,0.000000,1.000000,0.000000,0.000000
p1-04,length+commitGap,2,1.000000,1.000000,0,0,0,0,0.000000,0.000000,1.000000,0.000000,0.000000
p1-04,gain+length+commitGap,3,1.000000,1.000000,0,0,0,0,0.000000,0.000000,1.000000,0.000000,0.000000
p1-04,broken+length+commitGap,3,1.000000,1.000000,0,0,0,0,0.000000,0.000000,1.000000,0.000000,0.000000
p1-04,gain+broken+length+commitGap,4,1.000000,1.000000,0,0,0,0,0.000000,0.000000,1.000000,0.000000,0.000000
p1-04,skipTests+length+commitGap,3,1.000000,1.000000,0,0,0,0,0.000000,0.000000,1.000000,0.000000,0.000000
p1-04,gain+skipTests+length+commitGap,4,1.000000,1.000000,0,0,0,0,0.000000,0.000000,1.000000,0.000000,0.000000
p1-04,broken+skipTests+length+commitGap,4,1.000000,1.000000,0,0,0,0,0.000000,0.000000,1.000000,0.000000,0.000000
p1-04,gain+broken+skipTests+length+commitGap,5,1.000000,1.000000,0,0,0,0,0.000000,0.000000,1.000000,0.000000,0.000000
p1-04,manualIde+length+commitGap,3,1.000000,1.000000,0,0,0,0,0.000000,0.000000,1.000000,0.000000,0.000000
p1-04,gain+manualIde+length+commitGap,4,1.000000,1.000000,0,0,0,0,0.000000,0.000000,1.000000,0.000000,0.000000
p1-04,broken+manualIde+length+commitGap,4,1.000000,1.000000,0,0,0,0,0.000000,0.000000,1.000000,0.000000,0.000000
p1-04,gain+broken+manualIde+length+commitGap,5,1.000000,1.000000,0,0,0,0,0.000000,0.000000,1.000000,0.000000,0.000000
p1-04,skipTests+manualIde+length+commitGap,4,1.000000,1.000000,0,0,0,0,0.000000,0.000000,1.000000,0.000000,0.000000
p1-04,gain+skipTests+manualIde+length+commitGap,5,1.000000,1.000000,0,0,0,0,0.000000,0.000000,1.000000,0.000000,0.000000
p1-04,broken+skipTests+manualIde+length+commitGap,5,1.000000,1.000000,0,0,0,0,0.000000,0.000000,1.000000,0.000000,0.000000
p1-04,gain+broken+skipTests+manualIde+length+commitGap,6,1.000000,1.000000,0,0,0,0,0.000000,0.000000,1.000000,0.000000,0.000000
p1-05,(none),0,1.000000,1.000000,2,2,0,0,8.000000,0.000000,0.000000,4.000000,6.000000
p1-05,gain,1,1.000000,1.000000,2,2,0,0,8.000000,0.000000,0.000000,4.000000,6.000000
p1-05,broken,1,1.000000,1.000000,2,2,0,0,8.000000,6.000000,0.750000,7.000000,8.000000
p1-05,gain+broken,2,1.000000,1.000000,2,2,0,0,8.000000,6.000000,0.750000,7.000000,8.000000
p1-05,skipTests,1,1.000000,1.000000,2,2,0,0,8.000000,6.000000,0.750000,1.000000,2.000000
p1-05,gain+skipTests,2,1.000000,1.000000,2,2,0,0,8.000000,6.000000,0.750000,1.000000,2.000000
p1-05,broken+skipTests,2,1.000000,1.000000,2,2,0,0,8.000000,12.000000,1.500000,5.000000,9.000000
p1-05,gain+broken+skipTests,3,1.000000,1.000000,2,2,0,0,8.000000,12.000000,1.500000,5.000000,9.000000
p1-05,manualIde,1,1.000000,1.000000,2,2,0,0,8.000000,3.000000,0.375000,3.500000,6.000000
p1-05,gain+manualIde,2,1.000000,1.000000,2,2,0,0,8.000000,3.000000,0.375000,3.500000,6.000000
p1-05,broken+manualIde,2,1.000000,1.000000,2,2,0,0,8.000000,4.000000,0.500000,6.000000,6.000000
p1-05,gain+broken+manualIde,3,1.000000,1.000000,2,2,0,0,8.000000,4.000000,0.500000,6.000000,6.000000
p1-05,skipTests+manualIde,2,1.000000,1.000000,2,2,0,0,8.000000,7.000000,0.875000,0.500000,1.000000
p1-05,gain+skipTests+manualIde,3,1.000000,1.000000,2,2,0,0,8.000000,7.000000,0.875000,0.500000,1.000000
p1-05,broken+skipTests+manualIde,3,1.000000,1.000000,2,2,0,0,8.000000,10.000000,1.250000,3.000000,6.000000
p1-05,gain+broken+skipTests+manualIde,4,1.000000,1.000000,2,2,0,0,8.000000,10.000000,1.250000,3.000000,6.000000
p1-05,length,1,1.000000,1.000000,2,2,0,0,8.000000,6.000000,0.750000,5.000000,6.000000
p1-05,gain+length,2,1.000000,1.000000,2,2,0,0,8.000000,6.000000,0.750000,5.000000,6.000000
p1-05,broken+length,2,1.000000,1.000000,2,2,0,0,8.000000,1.000000,0.125000,4.500000,6.000000
p1-05,gain+broken+length,3,1.000000,1.000000,2,2,0,0,8.000000,1.000000,0.125000,4.500000,6.000000
p1-05,skipTests+length,2,1.000000,1.000000,2,2,0,0,8.000000,12.000000,1.500000,2.000000,4.000000
p1-05,gain+skipTests+length,3,1.000000,1.000000,2,2,0,0,8.000000,12.000000,1.500000,2.000000,4.000000
p1-05,broken+skipTests+length,3,1.000000,1.000000,2,2,0,0,8.000000,6.000000,0.750000,2.000000,3.000000
p1-05,gain+broken+skipTests+length,4,1.000000,1.000000,2,2,0,0,8.000000,6.000000,0.750000,2.000000,3.000000
p1-05,manualIde+length,2,1.000000,1.000000,2,2,0,0,8.000000,9.000000,1.125000,6.500000,7.000000
p1-05,gain+manualIde+length,3,1.000000,1.000000,2,2,0,0,8.000000,9.000000,1.125000,6.500000,7.000000
p1-05,broken+manualIde+length,3,1.000000,1.000000,2,2,0,0,8.000000,1.000000,0.125000,3.500000,6.000000
p1-05,gain+broken+manualIde+length,4,1.000000,1.000000,2,2,0,0,8.000000,1.000000,0.125000,3.500000,6.000000
p1-05,skipTests+manualIde+length,3,1.000000,1.000000,2,2,0,0,8.000000,13.000000,1.625000,3.500000,6.000000
p1-05,gain+skipTests+manualIde+length,4,1.000000,1.000000,2,2,0,0,8.000000,13.000000,1.625000,3.500000,6.000000
p1-05,broken+skipTests+manualIde+length,4,1.000000,1.000000,2,2,0,0,8.000000,8.000000,1.000000,0.000000,0.000000
p1-05,gain+broken+skipTests+manualIde+length,5,1.000000,1.000000,2,2,0,0,8.000000,8.000000,1.000000,0.000000,0.000000
p1-05,commitGap,1,1.000000,1.000000,2,2,0,0,8.000000,0.000000,0.000000,4.000000,6.000000
p1-05,gain+commitGap,2,1.000000,1.000000,2,2,0,0,8.000000,0.000000,0.000000,4.000000,6.000000
p1-05,broken+commitGap,2,1.000000,1.000000,2,2,0,0,8.000000,6.000000,0.750000,7.000000,8.000000
p1-05,gain+broken+commitGap,3,1.000000,1.000000,2,2,0,0,8.000000,6.000000,0.750000,7.000000,8.000000
p1-05,skipTests+commitGap,2,1.000000,1.000000,2,2,0,0,8.000000,6.000000,0.750000,1.000000,2.000000
p1-05,gain+skipTests+commitGap,3,1.000000,1.000000,2,2,0,0,8.000000,6.000000,0.750000,1.000000,2.000000
p1-05,broken+skipTests+commitGap,3,1.000000,1.000000,2,2,0,0,8.000000,12.000000,1.500000,5.000000,9.000000
p1-05,gain+broken+skipTests+commitGap,4,1.000000,1.000000,2,2,0,0,8.000000,12.000000,1.500000,5.000000,9.000000
p1-05,manualIde+commitGap,2,1.000000,1.000000,2,2,0,0,8.000000,3.000000,0.375000,3.500000,6.000000
p1-05,gain+manualIde+commitGap,3,1.000000,1.000000,2,2,0,0,8.000000,3.000000,0.375000,3.500000,6.000000
p1-05,broken+manualIde+commitGap,3,1.000000,1.000000,2,2,0,0,8.000000,4.000000,0.500000,6.000000,6.000000
p1-05,gain+broken+manualIde+commitGap,4,1.000000,1.000000,2,2,0,0,8.000000,4.000000,0.500000,6.000000,6.000000
p1-05,skipTests+manualIde+commitGap,3,1.000000,1.000000,2,2,0,0,8.000000,7.000000,0.875000,0.500000,1.000000
p1-05,gain+skipTests+manualIde+commitGap,4,1.000000,1.000000,2,2,0,0,8.000000,7.000000,0.875000,0.500000,1.000000
p1-05,broken+skipTests+manualIde+commitGap,4,1.000000,1.000000,2,2,0,0,8.000000,10.000000,1.250000,3.000000,6.000000
p1-05,gain+broken+skipTests+manualIde+commitGap,5,1.000000,1.000000,2,2,0,0,8.000000,10.000000,1.250000,3.000000,6.000000
p1-05,length+commitGap,2,1.000000,1.000000,2,2,0,0,8.000000,6.000000,0.750000,5.000000,6.000000
p1-05,gain+length+commitGap,3,1.000000,1.000000,2,2,0,0,8.000000,6.000000,0.750000,5.000000,6.000000
p1-05,broken+length+commitGap,3,1.000000,1.000000,2,2,0,0,8.000000,1.000000,0.125000,4.500000,6.000000
p1-05,gain+broken+length+commitGap,4,1.000000,1.000000,2,2,0,0,8.000000,1.000000,0.125000,4.500000,6.000000
p1-05,skipTests+length+commitGap,3,1.000000,1.000000,2,2,0,0,8.000000,12.000000,1.500000,2.000000,4.000000
p1-05,gain+skipTests+length+commitGap,4,1.000000,1.000000,2,2,0,0,8.000000,12.000000,1.500000,2.000000,4.000000
p1-05,broken+skipTests+length+commitGap,4,1.000000,1.000000,2,2,0,0,8.000000,6.000000,0.750000,2.000000,3.000000
p1-05,gain+broken+skipTests+length+commitGap,5,1.000000,1.000000,2,2,0,0,8.000000,6.000000,0.750000,2.000000,3.000000
p1-05,manualIde+length+commitGap,3,1.000000,1.000000,2,2,0,0,8.000000,9.000000,1.125000,6.500000,7.000000
p1-05,gain+manualIde+length+commitGap,4,1.000000,1.000000,2,2,0,0,8.000000,9.000000,1.125000,6.500000,7.000000
p1-05,broken+manualIde+length+commitGap,4,1.000000,1.000000,2,2,0,0,8.000000,1.000000,0.125000,3.500000,6.000000
p1-05,gain+broken+manualIde+length+commitGap,5,1.000000,1.000000,2,2,0,0,8.000000,1.000000,0.125000,3.500000,6.000000
p1-05,skipTests+manualIde+length+commitGap,4,1.000000,1.000000,2,2,0,0,8.000000,13.000000,1.625000,3.500000,6.000000
p1-05,gain+skipTests+manualIde+length+commitGap,5,1.000000,1.000000,2,2,0,0,8.000000,13.000000,1.625000,3.500000,6.000000
p1-05,broken+skipTests+manualIde+length+commitGap,5,1.000000,1.000000,2,2,0,0,8.000000,8.000000,1.000000,0.000000,0.000000
p1-05,gain+broken+skipTests+manualIde+length+commitGap,6,1.000000,1.000000,2,2,0,0,8.000000,8.000000,1.000000,0.000000,0.000000
p1-06,(none),0,1.000000,1.000000,2,2,0,0,0.000000,0.000000,1.000000,0.000000,0.000000
p1-06,gain,1,1.000000,1.000000,2,2,0,0,0.000000,0.000000,1.000000,0.000000,0.000000
p1-06,broken,1,1.000000,1.000000,2,2,0,0,0.000000,0.000000,1.000000,0.000000,0.000000
p1-06,gain+broken,2,1.000000,1.000000,2,2,0,0,0.000000,0.000000,1.000000,0.000000,0.000000
p1-06,skipTests,1,1.000000,1.000000,2,2,0,0,0.000000,0.000000,1.000000,0.000000,0.000000
p1-06,gain+skipTests,2,1.000000,1.000000,2,2,0,0,0.000000,0.000000,1.000000,0.000000,0.000000
p1-06,broken+skipTests,2,1.000000,1.000000,2,2,0,0,0.000000,0.000000,1.000000,0.000000,0.000000
p1-06,gain+broken+skipTests,3,1.000000,1.000000,2,2,0,0,0.000000,0.000000,1.000000,0.000000,0.000000
p1-06,manualIde,1,1.000000,1.000000,2,2,0,0,0.000000,0.000000,1.000000,0.000000,0.000000
p1-06,gain+manualIde,2,1.000000,1.000000,2,2,0,0,0.000000,0.000000,1.000000,0.000000,0.000000
p1-06,broken+manualIde,2,1.000000,1.000000,2,2,0,0,0.000000,0.000000,1.000000,0.000000,0.000000
p1-06,gain+broken+manualIde,3,1.000000,1.000000,2,2,0,0,0.000000,0.000000,1.000000,0.000000,0.000000
p1-06,skipTests+manualIde,2,1.000000,1.000000,2,2,0,0,0.000000,0.000000,1.000000,0.000000,0.000000
p1-06,gain+skipTests+manualIde,3,1.000000,1.000000,2,2,0,0,0.000000,0.000000,1.000000,0.000000,0.000000
p1-06,broken+skipTests+manualIde,3,1.000000,1.000000,2,2,0,0,0.000000,0.000000,1.000000,0.000000,0.000000
p1-06,gain+broken+skipTests+manualIde,4,1.000000,1.000000,2,2,0,0,0.000000,0.000000,1.000000,0.000000,0.000000
p1-06,length,1,1.000000,1.000000,2,2,0,0,0.000000,0.000000,1.000000,0.000000,0.000000
p1-06,gain+length,2,1.000000,1.000000,2,2,0,0,0.000000,0.000000,1.000000,0.000000,0.000000
p1-06,broken+length,2,1.000000,1.000000,2,2,0,0,0.000000,0.000000,1.000000,0.000000,0.000000
p1-06,gain+broken+length,3,1.000000,1.000000,2,2,0,0,0.000000,0.000000,1.000000,0.000000,0.000000
p1-06,skipTests+length,2,1.000000,1.000000,2,2,0,0,0.000000,0.000000,1.000000,0.000000,0.000000
p1-06,gain+skipTests+length,3,1.000000,1.000000,2,2,0,0,0.000000,0.000000,1.000000,0.000000,0.000000
p1-06,broken+skipTests+length,3,1.000000,1.000000,2,2,0,0,0.000000,0.000000,1.000000,0.000000,0.000000
p1-06,gain+broken+skipTests+length,4,1.000000,1.000000,2,2,0,0,0.000000,0.000000,1.000000,0.000000,0.000000
p1-06,manualIde+length,2,1.000000,1.000000,2,2,0,0,0.000000,0.000000,1.000000,0.000000,0.000000
p1-06,gain+manualIde+length,3,1.000000,1.000000,2,2,0,0,0.000000,0.000000,1.000000,0.000000,0.000000
p1-06,broken+manualIde+length,3,1.000000,1.000000,2,2,0,0,0.000000,0.000000,1.000000,0.000000,0.000000
p1-06,gain+broken+manualIde+length,4,1.000000,1.000000,2,2,0,0,0.000000,0.000000,1.000000,0.000000,0.000000
p1-06,skipTests+manualIde+length,3,1.000000,1.000000,2,2,0,0,0.000000,0.000000,1.000000,0.000000,0.000000
p1-06,gain+skipTests+manualIde+length,4,1.000000,1.000000,2,2,0,0,0.000000,0.000000,1.000000,0.000000,0.000000
p1-06,broken+skipTests+manualIde+length,4,1.000000,1.000000,2,2,0,0,0.000000,0.000000,1.000000,0.000000,0.000000
p1-06,gain+broken+skipTests+manualIde+length,5,1.000000,1.000000,2,2,0,0,0.000000,0.000000,1.000000,0.000000,0.000000
p1-06,commitGap,1,1.000000,1.000000,2,2,0,0,0.000000,0.000000,1.000000,0.000000,0.000000
p1-06,gain+commitGap,2,1.000000,1.000000,2,2,0,0,0.000000,0.000000,1.000000,0.000000,0.000000
p1-06,broken+commitGap,2,1.000000,1.000000,2,2,0,0,0.000000,0.000000,1.000000,0.000000,0.000000
p1-06,gain+broken+commitGap,3,1.000000,1.000000,2,2,0,0,0.000000,0.000000,1.000000,0.000000,0.000000
p1-06,skipTests+commitGap,2,1.000000,1.000000,2,2,0,0,0.000000,0.000000,1.000000,0.000000,0.000000
p1-06,gain+skipTests+commitGap,3,1.000000,1.000000,2,2,0,0,0.000000,0.000000,1.000000,0.000000,0.000000
p1-06,broken+skipTests+commitGap,3,1.000000,1.000000,2,2,0,0,0.000000,0.000000,1.000000,0.000000,0.000000
p1-06,gain+broken+skipTests+commitGap,4,1.000000,1.000000,2,2,0,0,0.000000,0.000000,1.000000,0.000000,0.000000
p1-06,manualIde+commitGap,2,1.000000,1.000000,2,2,0,0,0.000000,0.000000,1.000000,0.000000,0.000000
p1-06,gain+manualIde+commitGap,3,1.000000,1.000000,2,2,0,0,0.000000,0.000000,1.000000,0.000000,0.000000
p1-06,broken+manualIde+commitGap,3,1.000000,1.000000,2,2,0,0,0.000000,0.000000,1.000000,0.000000,0.000000
p1-06,gain+broken+manualIde+commitGap,4,1.000000,1.000000,2,2,0,0,0.000000,0.000000,1.000000,0.000000,0.000000
p1-06,skipTests+manualIde+commitGap,3,1.000000,1.000000,2,2,0,0,0.000000,0.000000,1.000000,0.000000,0.000000
p1-06,gain+skipTests+manualIde+commitGap,4,1.000000,1.000000,2,2,0,0,0.000000,0.000000,1.000000,0.000000,0.000000
p1-06,broken+skipTests+manualIde+commitGap,4,1.000000,1.000000,2,2,0,0,0.000000,0.000000,1.000000,0.000000,0.000000
p1-06,gain+broken+skipTests+manualIde+commitGap,5,1.000000,1.000000,2,2,0,0,0.000000,0.000000,1.000000,0.000000,0.000000
p1-06,length+commitGap,2,1.000000,1.000000,2,2,0,0,0.000000,0.000000,1.000000,0.000000,0.000000
p1-06,gain+length+commitGap,3,1.000000,1.000000,2,2,0,0,0.000000,0.000000,1.000000,0.000000,0.000000
p1-06,broken+length+commitGap,3,1.000000,1.000000,2,2,0,0,0.000000,0.000000,1.000000,0.000000,0.000000
p1-06,gain+broken+length+commitGap,4,1.000000,1.000000,2,2,0,0,0.000000,0.000000,1.000000,0.000000,0.000000
p1-06,skipTests+length+commitGap,3,1.000000,1.000000,2,2,0,0,0.000000,0.000000,1.000000,0.000000,0.000000
p1-06,gain+skipTests+length+commitGap,4,1.000000,1.000000,2,2,0,0,0.000000,0.000000,1.000000,0.000000,0.000000
p1-06,broken+skipTests+length+commitGap,4,1.000000,1.000000,2,2,0,0,0.000000,0.000000,1.000000,0.000000,0.000000
p1-06,gain+broken+skipTests+length+commitGap,5,1.000000,1.000000,2,2,0,0,0.000000,0.000000,1.000000,0.000000,0.000000
p1-06,manualIde+length+commitGap,3,1.000000,1.000000,2,2,0,0,0.000000,0.000000,1.000000,0.000000,0.000000
p1-06,gain+manualIde+length+commitGap,4,1.000000,1.000000,2,2,0,0,0.000000,0.000000,1.000000,0.000000,0.000000
p1-06,broken+manualIde+length+commitGap,4,1.000000,1.000000,2,2,0,0,0.000000,0.000000,1.000000,0.000000,0.000000
p1-06,gain+broken+manualIde+length+commitGap,5,1.000000,1.000000,2,2,0,0,0.000000,0.000000,1.000000,0.000000,0.000000
p1-06,skipTests+manualIde+length+commitGap,4,1.000000,1.000000,2,2,0,0,0.000000,0.000000,1.000000,0.000000,0.000000
p1-06,gain+skipTests+manualIde+length+commitGap,5,1.000000,1.000000,2,2,0,0,0.000000,0.000000,1.000000,0.000000,0.000000
p1-06,broken+skipTests+manualIde+length+commitGap,5,1.000000,1.000000,2,2,0,0,0.000000,0.000000,1.000000,0.000000,0.000000
p1-06,gain+broken+skipTests+manualIde+length+commitGap,6,1.000000,1.000000,2,2,0,0,0.000000,0.000000,1.000000,0.000000,0.000000
p2-01,(none),0,0.800000,1.000000,5,5,0,0,41.000000,0.000000,0.000000,8.200000,19.000000
p2-01,gain,1,0.800000,1.000000,5,5,0,0,41.000000,0.000000,0.000000,8.200000,19.000000
p2-01,broken,1,0.200000,1.000000,5,5,0,0,41.000000,11.000000,0.268293,8.000000,13.000000
p2-01,gain+broken,2,0.200000,1.000000,5,5,0,0,41.000000,11.000000,0.268293,8.000000,13.000000
p2-01,skipTests,1,0.600000,1.000000,5,5,0,0,41.000000,14.000000,0.341463,5.400000,16.000000
p2-01,gain+skipTests,2,0.600000,1.000000,5,5,0,0,41.000000,14.000000,0.341463,5.400000,16.000000
p2-01,broken+skipTests,2,0.200000,1.000000,5,5,0,0,41.000000,22.000000,0.536585,5.000000,9.000000
p2-01,gain+broken+skipTests,3,0.200000,1.000000,5,5,0,0,41.000000,22.000000,0.536585,5.000000,9.000000
p2-01,manualIde,1,0.800000,1.000000,5,5,0,0,41.000000,6.000000,0.146341,7.000000,17.000000
p2-01,gain+manualIde,2,0.800000,1.000000,5,5,0,0,41.000000,6.000000,0.146341,7.000000,17.000000
p2-01,broken+manualIde,2,0.600000,1.000000,5,5,0,0,41.000000,12.000000,0.292683,6.200000,11.000000
p2-01,gain+broken+manualIde,3,0.600000,1.000000,5,5,0,0,41.000000,12.000000,0.292683,6.200000,11.000000
p2-01,skipTests+manualIde,2,1.000000,1.000000,5,5,0,0,41.000000,24.000000,0.585366,4.200000,13.000000
p2-01,gain+skipTests+manualIde,3,1.000000,1.000000,5,5,0,0,41.000000,24.000000,0.585366,4.200000,13.000000
p2-01,broken+skipTests+manualIde,3,0.600000,1.000000,5,5,0,0,41.000000,23.000000,0.560976,3.600000,8.000000
p2-01,gain+broken+skipTests+manualIde,4,0.600000,1.000000,5,5,0,0,41.000000,23.000000,0.560976,3.600000,8.000000
p2-01,length,1,1.000000,1.000000,5,5,0,0,41.000000,18.000000,0.439024,4.600000,12.000000
p2-01,gain+length,2,1.000000,1.000000,5,5,0,0,41.000000,18.000000,0.439024,4.600000,12.000000
p2-01,broken+length,2,1.000000,1.000000,5,5,0,0,41.000000,19.000000,0.463415,4.400000,6.000000
p2-01,gain+broken+length,3,1.000000,1.000000,5,5,0,0,41.000000,19.000000,0.463415,4.400000,6.000000
p2-01,skipTests+length,2,1.000000,1.000000,5,5,0,0,41.000000,31.000000,0.756098,2.400000,9.000000
p2-01,gain+skipTests+length,3,1.000000,1.000000,5,5,0,0,41.000000,31.000000,0.756098,2.400000,9.000000
p2-01,broken+skipTests+length,3,0.600000,1.000000,5,5,0,0,41.000000,37.000000,0.902439,1.600000,2.000000
p2-01,gain+broken+skipTests+length,4,0.600000,1.000000,5,5,0,0,41.000000,37.000000,0.902439,1.600000,2.000000
p2-01,manualIde+length,2,1.000000,1.000000,5,5,0,0,41.000000,23.000000,0.560976,4.000000,10.000000
p2-01,gain+manualIde+length,3,1.000000,1.000000,5,5,0,0,41.000000,23.000000,0.560976,4.000000,10.000000
p2-01,broken+manualIde+length,3,1.000000,1.000000,5,5,0,0,41.000000,27.000000,0.658537,2.800000,3.000000
p2-01,gain+broken+manualIde+length,4,1.000000,1.000000,5,5,0,0,41.000000,27.000000,0.658537,2.800000,3.000000
p2-01,skipTests+manualIde+length,3,1.000000,1.000000,5,5,0,0,41.000000,42.000000,1.024390,2.600000,6.000000
p2-01,gain+skipTests+manualIde+length,4,1.000000,1.000000,5,5,0,0,41.000000,42.000000,1.024390,2.600000,6.000000
p2-01,broken+skipTests+manualIde+length,4,1.000000,1.000000,5,5,0,0,41.000000,41.000000,1.000000,0.000000,0.000000
p2-01,gain+broken+skipTests+manualIde+length,5,1.000000,1.000000,5,5,0,0,41.000000,41.000000,1.000000,0.000000,0.000000
p2-01,commitGap,1,0.800000,1.000000,5,5,0,0,41.000000,0.000000,0.000000,8.200000,19.000000
p2-01,gain+commitGap,2,0.800000,1.000000,5,5,0,0,41.000000,0.000000,0.000000,8.200000,19.000000
p2-01,broken+commitGap,2,0.200000,1.000000,5,5,0,0,41.000000,11.000000,0.268293,8.000000,13.000000
p2-01,gain+broken+commitGap,3,0.200000,1.000000,5,5,0,0,41.000000,11.000000,0.268293,8.000000,13.000000
p2-01,skipTests+commitGap,2,0.600000,1.000000,5,5,0,0,41.000000,14.000000,0.341463,5.400000,16.000000
p2-01,gain+skipTests+commitGap,3,0.600000,1.000000,5,5,0,0,41.000000,14.000000,0.341463,5.400000,16.000000
p2-01,broken+skipTests+commitGap,3,0.200000,1.000000,5,5,0,0,41.000000,22.000000,0.536585,5.000000,9.000000
p2-01,gain+broken+skipTests+commitGap,4,0.200000,1.000000,5,5,0,0,41.000000,22.000000,0.536585,5.000000,9.000000
p2-01,manualIde+commitGap,2,0.800000,1.000000,5,5,0,0,41.000000,6.000000,0.146341,7.000000,17.000000
p2-01,gain+manualIde+commitGap,3,0.800000,1.000000,5,5,0,0,41.000000,6.000000,0.146341,7.000000,17.000000
p2-01,broken+manualIde+commitGap,3,0.600000,1.000000,5,5,0,0,41.000000,12.000000,0.292683,6.200000,11.000000
p2-01,gain+broken+manualIde+commitGap,4,0.600000,1.000000,5,5,0,0,41.000000,12.000000,0.292683,6.200000,11.000000
p2-01,skipTests+manualIde+commitGap,3,1.000000,1.000000,5,5,0,0,41.000000,24.000000,0.585366,4.200000,13.000000
p2-01,gain+skipTests+manualIde+commitGap,4,1.000000,1.000000,5,5,0,0,41.000000,24.000000,0.585366,4.200000,13.000000
p2-01,broken+skipTests+manualIde+commitGap,4,0.600000,1.000000,5,5,0,0,41.000000,23.000000,0.560976,3.600000,8.000000
p2-01,gain+broken+skipTests+manualIde+commitGap,5,0.600000,1.000000,5,5,0,0,41.000000,23.000000,0.560976,3.600000,8.000000
p2-01,length+commitGap,2,1.000000,1.000000,5,5,0,0,41.000000,18.000000,0.439024,4.600000,12.000000
p2-01,gain+length+commitGap,3,1.000000,1.000000,5,5,0,0,41.000000,18.000000,0.439024,4.600000,12.000000
p2-01,broken+length+commitGap,3,1.000000,1.000000,5,5,0,0,41.000000,19.000000,0.463415,4.400000,6.000000
p2-01,gain+broken+length+commitGap,4,1.000000,1.000000,5,5,0,0,41.000000,19.000000,0.463415,4.400000,6.000000
p2-01,skipTests+length+commitGap,3,1.000000,1.000000,5,5,0,0,41.000000,31.000000,0.756098,2.400000,9.000000
p2-01,gain+skipTests+length+commitGap,4,1.000000,1.000000,5,5,0,0,41.000000,31.000000,0.756098,2.400000,9.000000
p2-01,broken+skipTests+length+commitGap,4,0.600000,1.000000,5,5,0,0,41.000000,37.000000,0.902439,1.600000,2.000000
p2-01,gain+broken+skipTests+length+commitGap,5,0.600000,1.000000,5,5,0,0,41.000000,37.000000,0.902439,1.600000,2.000000
p2-01,manualIde+length+commitGap,3,1.000000,1.000000,5,5,0,0,41.000000,23.000000,0.560976,4.000000,10.000000
p2-01,gain+manualIde+length+commitGap,4,1.000000,1.000000,5,5,0,0,41.000000,23.000000,0.560976,4.000000,10.000000
p2-01,broken+manualIde+length+commitGap,4,1.000000,1.000000,5,5,0,0,41.000000,27.000000,0.658537,2.800000,3.000000
p2-01,gain+broken+manualIde+length+commitGap,5,1.000000,1.000000,5,5,0,0,41.000000,27.000000,0.658537,2.800000,3.000000
p2-01,skipTests+manualIde+length+commitGap,4,1.000000,1.000000,5,5,0,0,41.000000,42.000000,1.024390,2.600000,6.000000
p2-01,gain+skipTests+manualIde+length+commitGap,5,1.000000,1.000000,5,5,0,0,41.000000,42.000000,1.024390,2.600000,6.000000
p2-01,broken+skipTests+manualIde+length+commitGap,5,1.000000,1.000000,5,5,0,0,41.000000,41.000000,1.000000,0.000000,0.000000
p2-01,gain+broken+skipTests+manualIde+length+commitGap,6,1.000000,1.000000,5,5,0,0,41.000000,41.000000,1.000000,0.000000,0.000000
p2-02,(none),0,-0.333333,0.800000,6,6,0,0,37.000000,0.000000,0.000000,6.166667,10.000000
p2-02,gain,1,-0.333333,0.800000,6,6,0,1,37.000000,0.000000,0.000000,6.166667,10.000000
p2-02,broken,1,-0.333333,0.800000,6,6,0,0,37.000000,0.000000,0.000000,6.166667,10.000000
p2-02,gain+broken,2,-0.333333,0.800000,6,6,0,1,37.000000,0.000000,0.000000,6.166667,10.000000
p2-02,skipTests,1,0.200000,0.800000,6,6,0,0,37.000000,13.000000,0.351351,4.000000,7.000000
p2-02,gain+skipTests,2,0.200000,0.800000,6,6,0,1,37.000000,13.000000,0.351351,4.000000,7.000000
p2-02,broken+skipTests,2,0.200000,0.800000,6,6,0,0,37.000000,13.000000,0.351351,4.000000,7.000000
p2-02,gain+broken+skipTests,3,0.200000,0.800000,6,6,0,1,37.000000,13.000000,0.351351,4.000000,7.000000
p2-02,manualIde,1,-0.333333,0.800000,6,6,0,0,37.000000,0.000000,0.000000,6.166667,10.000000
p2-02,gain+manualIde,2,-0.333333,0.800000,6,6,0,0,37.000000,0.000000,0.000000,6.166667,10.000000
p2-02,broken+manualIde,2,-0.333333,0.800000,6,6,0,0,37.000000,0.000000,0.000000,6.166667,10.000000
p2-02,gain+broken+manualIde,3,-0.333333,0.800000,6,6,0,0,37.000000,0.000000,0.000000,6.166667,10.000000
p2-02,skipTests+manualIde,2,0.200000,0.800000,6,6,0,0,37.000000,16.000000,0.432432,3.500000,7.000000
p2-02,gain+skipTests+manualIde,3,0.200000,0.800000,6,6,0,0,37.000000,16.000000,0.432432,3.500000,7.000000
p2-02,broken+skipTests+manualIde,3,0.200000,0.800000,6,6,0,0,37.000000,16.000000,0.432432,3.500000,7.000000
p2-02,gain+broken+skipTests+manualIde,4,0.200000,0.800000,6,6,0,0,37.000000,16.000000,0.432432,3.500000,7.000000
p2-02,length,1,-0.333333,0.800000,6,6,0,0,37.000000,0.000000,0.000000,6.166667,10.000000
p2-02,gain+length,2,-0.333333,0.800000,6,6,0,1,37.000000,0.000000,0.000000,6.166667,10.000000
p2-02,broken+length,2,-0.333333,0.800000,6,6,0,0,37.000000,0.000000,0.000000,6.166667,10.000000
p2-02,gain+broken+length,3,-0.333333,0.800000,6,6,0,1,37.000000,0.000000,0.000000,6.166667,10.000000
p2-02,skipTests+length,2,0.200000,0.800000,6,6,0,0,37.000000,13.000000,0.351351,4.000000,7.000000
p2-02,gain+skipTests+length,3,0.200000,0.800000,6,6,0,1,37.000000,13.000000,0.351351,4.000000,7.000000
p2-02,broken+skipTests+length,3,0.200000,0.800000,6,6,0,0,37.000000,13.000000,0.351351,4.000000,7.000000
p2-02,gain+broken+skipTests+length,4,0.200000,0.800000,6,6,0,1,37.000000,13.000000,0.351351,4.000000,7.000000
p2-02,manualIde+length,2,-0.333333,0.800000,6,6,0,0,37.000000,0.000000,0.000000,6.166667,10.000000
p2-02,gain+manualIde+length,3,-0.333333,0.800000,6,6,0,0,37.000000,0.000000,0.000000,6.166667,10.000000
p2-02,broken+manualIde+length,3,-0.333333,0.800000,6,6,0,0,37.000000,0.000000,0.000000,6.166667,10.000000
p2-02,gain+broken+manualIde+length,4,-0.333333,0.800000,6,6,0,0,37.000000,0.000000,0.000000,6.166667,10.000000
p2-02,skipTests+manualIde+length,3,0.200000,0.800000,6,6,0,0,37.000000,16.000000,0.432432,3.500000,7.000000
p2-02,gain+skipTests+manualIde+length,4,0.200000,0.800000,6,6,0,0,37.000000,16.000000,0.432432,3.500000,7.000000
p2-02,broken+skipTests+manualIde+length,4,0.200000,0.800000,6,6,0,0,37.000000,16.000000,0.432432,3.500000,7.000000
p2-02,gain+broken+skipTests+manualIde+length,5,0.200000,0.800000,6,6,0,0,37.000000,16.000000,0.432432,3.500000,7.000000
p2-02,commitGap,1,0.333333,0.800000,6,6,0,0,37.000000,21.000000,0.567568,2.666667,10.000000
p2-02,gain+commitGap,2,0.333333,0.800000,6,6,0,0,37.000000,21.000000,0.567568,2.666667,10.000000
p2-02,broken+commitGap,2,0.333333,0.800000,6,6,0,0,37.000000,21.000000,0.567568,2.666667,10.000000
p2-02,gain+broken+commitGap,3,0.333333,0.800000,6,6,0,0,37.000000,21.000000,0.567568,2.666667,10.000000
p2-02,skipTests+commitGap,2,1.000000,1.000000,6,6,0,0,37.000000,34.000000,0.918919,0.500000,1.000000
p2-02,gain+skipTests+commitGap,3,1.000000,1.000000,6,6,0,0,37.000000,34.000000,0.918919,0.500000,1.000000
p2-02,broken+skipTests+commitGap,3,1.000000,1.000000,6,6,0,0,37.000000,34.000000,0.918919,0.500000,1.000000
p2-02,gain+broken+skipTests+commitGap,4,1.000000,1.000000,6,6,0,0,37.000000,34.000000,0.918919,0.500000,1.000000
p2-02,manualIde+commitGap,2,0.333333,0.800000,6,6,0,0,37.000000,21.000000,0.567568,2.666667,10.000000
p2-02,gain+manualIde+commitGap,3,0.333333,0.800000,6,6,0,0,37.000000,21.000000,0.567568,2.666667,10.000000
p2-02,broken+manualIde+commitGap,3,0.333333,0.800000,6,6,0,0,37.000000,21.000000,0.567568,2.666667,10.000000
p2-02,gain+broken+manualIde+commitGap,4,0.333333,0.800000,6,6,0,0,37.000000,21.000000,0.567568,2.666667,10.000000
p2-02,skipTests+manualIde+commitGap,3,1.000000,1.000000,6,6,0,0,37.000000,37.000000,1.000000,0.000000,0.000000
p2-02,gain+skipTests+manualIde+commitGap,4,1.000000,1.000000,6,6,0,0,37.000000,37.000000,1.000000,0.000000,0.000000
p2-02,broken+skipTests+manualIde+commitGap,4,1.000000,1.000000,6,6,0,0,37.000000,37.000000,1.000000,0.000000,0.000000
p2-02,gain+broken+skipTests+manualIde+commitGap,5,1.000000,1.000000,6,6,0,0,37.000000,37.000000,1.000000,0.000000,0.000000
p2-02,length+commitGap,2,0.333333,0.800000,6,6,0,0,37.000000,21.000000,0.567568,2.666667,10.000000
p2-02,gain+length+commitGap,3,0.333333,0.800000,6,6,0,0,37.000000,21.000000,0.567568,2.666667,10.000000
p2-02,broken+length+commitGap,3,0.333333,0.800000,6,6,0,0,37.000000,21.000000,0.567568,2.666667,10.000000
p2-02,gain+broken+length+commitGap,4,0.333333,0.800000,6,6,0,0,37.000000,21.000000,0.567568,2.666667,10.000000
p2-02,skipTests+length+commitGap,3,1.000000,1.000000,6,6,0,0,37.000000,34.000000,0.918919,0.500000,1.000000
p2-02,gain+skipTests+length+commitGap,4,1.000000,1.000000,6,6,0,0,37.000000,34.000000,0.918919,0.500000,1.000000
p2-02,broken+skipTests+length+commitGap,4,1.000000,1.000000,6,6,0,0,37.000000,34.000000,0.918919,0.500000,1.000000
p2-02,gain+broken+skipTests+length+commitGap,5,1.000000,1.000000,6,6,0,0,37.000000,34.000000,0.918919,0.500000,1.000000
p2-02,manualIde+length+commitGap,3,0.333333,0.800000,6,6,0,0,37.000000,21.000000,0.567568,2.666667,10.000000
p2-02,gain+manualIde+length+commitGap,4,0.333333,0.800000,6,6,0,0,37.000000,21.000000,0.567568,2.666667,10.000000
p2-02,broken+manualIde+length+commitGap,4,0.333333,0.800000,6,6,0,0,37.000000,21.000000,0.567568,2.666667,10.000000
p2-02,gain+broken+manualIde+length+commitGap,5,0.333333,0.800000,6,6,0,0,37.000000,21.000000,0.567568,2.666667,10.000000
p2-02,skipTests+manualIde+length+commitGap,4,1.000000,1.000000,6,6,0,0,37.000000,37.000000,1.000000,0.000000,0.000000
p2-02,gain+skipTests+manualIde+length+commitGap,5,1.000000,1.000000,6,6,0,0,37.000000,37.000000,1.000000,0.000000,0.000000
p2-02,broken+skipTests+manualIde+length+commitGap,5,1.000000,1.000000,6,6,0,0,37.000000,37.000000,1.000000,0.000000,0.000000
p2-02,gain+broken+skipTests+manualIde+length+commitGap,6,1.000000,1.000000,6,6,0,0,37.000000,37.000000,1.000000,0.000000,0.000000
p2-03,(none),0,0.333333,1.000000,5,5,0,0,20.000000,0.000000,0.000000,4.000000,7.000000
p2-03,gain,1,0.333333,1.000000,5,5,0,0,20.000000,0.000000,0.000000,4.000000,7.000000
p2-03,broken,1,0.666667,1.000000,5,5,0,0,20.000000,1.000000,0.050000,4.200000,7.000000
p2-03,gain+broken,2,0.666667,1.000000,5,5,0,0,20.000000,1.000000,0.050000,4.200000,7.000000
p2-03,skipTests,1,0.333333,1.000000,5,5,0,0,20.000000,9.000000,0.450000,2.200000,7.000000
p2-03,gain+skipTests,2,0.333333,1.000000,5,5,0,0,20.000000,11.000000,0.550000,2.200000,7.000000
p2-03,broken+skipTests,2,0.000000,1.000000,5,5,0,0,20.000000,8.000000,0.400000,2.400000,7.000000
p2-03,gain+broken+skipTests,3,0.000000,1.000000,5,5,0,0,20.000000,9.000000,0.450000,2.600000,7.000000
p2-03,manualIde,1,0.333333,1.000000,5,5,0,0,20.000000,5.000000,0.250000,3.000000,7.000000
p2-03,gain+manualIde,2,0.333333,1.000000,5,5,0,0,20.000000,5.000000,0.250000,3.000000,7.000000
p2-03,broken+manualIde,2,0.333333,1.000000,5,5,0,0,20.000000,4.000000,0.200000,3.200000,7.000000
p2-03,gain+broken+manualIde,3,0.333333,1.000000,5,5,0,0,20.000000,4.000000,0.200000,3.200000,7.000000
p2-03,skipTests+manualIde,2,0.333333,1.000000,5,5,0,0,20.000000,14.000000,0.700000,1.600000,7.000000
p2-03,gain+skipTests+manualIde,3,0.000000,1.000000,5,5,0,0,20.000000,15.000000,0.750000,1.800000,7.000000
p2-03,broken+skipTests+manualIde,3,0.333333,1.000000,5,5,0,0,20.000000,13.000000,0.650000,1.400000,7.000000
p2-03,gain+broken+skipTests+manualIde,4,0.333333,1.000000,5,5,0,0,20.000000,13.000000,0.650000,1.400000,7.000000
p2-03,length,1,0.333333,1.000000,5,5,0,0,20.000000,0.000000,0.000000,4.000000,7.000000
p2-03,gain+length,2,0.333333,1.000000,5,5,0,0,20.000000,0.000000,0.000000,4.000000,7.000000
p2-03,broken+length,2,0.666667,1.000000,5,5,0,0,20.000000,1.000000,0.050000,4.200000,7.000000
p2-03,gain+broken+length,3,0.666667,1.000000,5,5,0,0,20.000000,1.000000,0.050000,4.200000,7.000000
p2-03,skipTests+length,2,0.333333,1.000000,5,5,0,0,20.000000,9.000000,0.450000,2.200000,7.000000
p2-03,gain+skipTests+length,3,0.333333,1.000000,5,5,0,0,20.000000,11.000000,0.550000,2.200000,7.000000
p2-03,broken+skipTests+length,3,0.000000,1.000000,5,5,0,0,20.000000,8.000000,0.400000,2.400000,7.000000
p2-03,gain+broken+skipTests+length,4,0.000000,1.000000,5,5,0,0,20.000000,9.000000,0.450000,2.600000,7.000000
p2-03,manualIde+length,2,0.333333,1.000000,5,5,0,0,20.000000,5.000000,0.250000,3.000000,7.000000
p2-03,gain+manualIde+length,3,0.333333,1.000000,5,5,0,0,20.000000,5.000000,0.250000,3.000000,7.000000
p2-03,broken+manualIde+length,3,0.333333,1.000000,5,5,0,0,20.000000,4.000000,0.200000,3.200000,7.000000
p2-03,gain+broken+manualIde+length,4,0.333333,1.000000,5,5,0,0,20.000000,4.000000,0.200000,3.200000,7.000000
p2-03,skipTests+manualIde+length,3,0.333333,1.000000,5,5,0,0,20.000000,14.000000,0.700000,1.600000,7.000000
p2-03,gain+skipTests+manualIde+length,4,0.000000,1.000000,5,5,0,0,20.000000,15.000000,0.750000,1.800000,7.000000
p2-03,broken+skipTests+manualIde+length,4,0.333333,1.000000,5,5,0,0,20.000000,13.000000,0.650000,1.400000,7.000000
p2-03,gain+broken+skipTests+manualIde+length,5,0.333333,1.000000,5,5,0,0,20.000000,13.000000,0.650000,1.400000,7.000000
p2-03,commitGap,1,0.333333,1.000000,5,5,0,0,20.000000,7.000000,0.350000,2.600000,7.000000
p2-03,gain+commitGap,2,0.333333,1.000000,5,5,0,0,20.000000,7.000000,0.350000,2.600000,7.000000
p2-03,broken+commitGap,2,0.333333,1.000000,5,5,0,0,20.000000,8.000000,0.400000,2.800000,7.000000
p2-03,gain+broken+commitGap,3,0.333333,1.000000,5,5,0,0,20.000000,8.000000,0.400000,2.800000,7.000000
p2-03,skipTests+commitGap,2,1.000000,1.000000,5,5,0,0,20.000000,16.000000,0.800000,0.800000,4.000000
p2-03,gain+skipTests+commitGap,3,1.000000,1.000000,5,5,0,0,20.000000,18.000000,0.900000,0.800000,3.000000
p2-03,broken+skipTests+commitGap,3,0.666667,1.000000,5,5,0,0,20.000000,15.000000,0.750000,1.000000,5.000000
p2-03,gain+broken+skipTests+commitGap,4,0.666667,1.000000,5,5,0,0,20.000000,16.000000,0.800000,1.200000,5.000000
p2-03,manualIde+commitGap,2,0.333333,1.000000,5,5,0,0,20.000000,12.000000,0.600000,1.600000,7.000000
p2-03,gain+manualIde+commitGap,3,0.333333,1.000000,5,5,0,0,20.000000,12.000000,0.600000,1.600000,7.000000
p2-03,broken+manualIde+commitGap,3,0.333333,1.000000,5,5,0,0,20.000000,11.000000,0.550000,1.800000,7.000000
p2-03,gain+broken+manualIde+commitGap,4,0.333333,1.000000,5,5,0,0,20.000000,11.000000,0.550000,1.800000,7.000000
p2-03,skipTests+manualIde+commitGap,3,1.000000,1.000000,5,5,0,0,20.000000,21.000000,1.050000,0.200000,1.000000
p2-03,gain+skipTests+manualIde+commitGap,4,0.333333,1.000000,5,5,0,0,20.000000,22.000000,1.100000,0.400000,2.000000
p2-03,broken+skipTests+manualIde+commitGap,4,1.000000,1.000000,5,5,0,0,20.000000,20.000000,1.000000,0.000000,0.000000
p2-03,gain+broken+skipTests+manualIde+commitGap,5,1.000000,1.000000,5,5,0,0,20.000000,20.000000,1.000000,0.000000,0.000000
p2-03,length+commitGap,2,0.333333,1.000000,5,5,0,0,20.000000,7.000000,0.350000,2.600000,7.000000
p2-03,gain+length+commitGap,3,0.333333,1.000000,5,5,0,0,20.000000,7.000000,0.350000,2.600000,7.000000
p2-03,broken+length+commitGap,3,0.333333,1.000000,5,5,0,0,20.000000,8.000000,0.400000,2.800000,7.000000
p2-03,gain+broken+length+commitGap,4,0.333333,1.000000,5,5,0,0,20.000000,8.000000,0.400000,2.800000,7.000000
p2-03,skipTests+length+commitGap,3,1.000000,1.000000,5,5,0,0,20.000000,16.000000,0.800000,0.800000,4.000000
p2-03,gain+skipTests+length+commitGap,4,1.000000,1.000000,5,5,0,0,20.000000,18.000000,0.900000,0.800000,3.000000
p2-03,broken+skipTests+length+commitGap,4,0.666667,1.000000,5,5,0,0,20.000000,15.000000,0.750000,1.000000,5.000000
p2-03,gain+broken+skipTests+length+commitGap,5,0.666667,1.000000,5,5,0,0,20.000000,16.000000,0.800000,1.200000,5.000000
p2-03,manualIde+length+commitGap,3,0.333333,1.000000,5,5,0,0,20.000000,12.000000,0.600000,1.600000,7.000000
p2-03,gain+manualIde+length+commitGap,4,0.333333,1.000000,5,5,0,0,20.000000,12.000000,0.600000,1.600000,7.000000
p2-03,broken+manualIde+length+commitGap,4,0.333333,1.000000,5,5,0,0,20.000000,11.000000,0.550000,1.800000,7.000000
p2-03,gain+broken+manualIde+length+commitGap,5,0.333333,1.000000,5,5,0,0,20.000000,11.000000,0.550000,1.800000,7.000000
p2-03,skipTests+manualIde+length+commitGap,4,1.000000,1.000000,5,5,0,0,20.000000,21.000000,1.050000,0.200000,1.000000
p2-03,gain+skipTests+manualIde+length+commitGap,5,0.333333,1.000000,5,5,0,0,20.000000,22.000000,1.100000,0.400000,2.000000
p2-03,broken+skipTests+manualIde+length+commitGap,5,1.000000,1.000000,5,5,0,0,20.000000,20.000000,1.000000,0.000000,0.000000
p2-03,gain+broken+skipTests+manualIde+length+commitGap,6,1.000000,1.000000,5,5,0,0,20.000000,20.000000,1.000000,0.000000,0.000000
p2-04,(none),0,1.000000,1.000000,0,0,0,0,0.000000,0.000000,1.000000,0.000000,0.000000
p2-04,gain,1,1.000000,1.000000,0,0,0,0,0.000000,0.000000,1.000000,0.000000,0.000000
p2-04,broken,1,1.000000,1.000000,0,0,0,0,0.000000,0.000000,1.000000,0.000000,0.000000
p2-04,gain+broken,2,1.000000,1.000000,0,0,0,0,0.000000,0.000000,1.000000,0.000000,0.000000
p2-04,skipTests,1,1.000000,1.000000,0,0,0,0,0.000000,0.000000,1.000000,0.000000,0.000000
p2-04,gain+skipTests,2,1.000000,1.000000,0,0,0,0,0.000000,0.000000,1.000000,0.000000,0.000000
p2-04,broken+skipTests,2,1.000000,1.000000,0,0,0,0,0.000000,0.000000,1.000000,0.000000,0.000000
p2-04,gain+broken+skipTests,3,1.000000,1.000000,0,0,0,0,0.000000,0.000000,1.000000,0.000000,0.000000
p2-04,manualIde,1,1.000000,1.000000,0,0,0,0,0.000000,0.000000,1.000000,0.000000,0.000000
p2-04,gain+manualIde,2,1.000000,1.000000,0,0,0,0,0.000000,0.000000,1.000000,0.000000,0.000000
p2-04,broken+manualIde,2,1.000000,1.000000,0,0,0,0,0.000000,0.000000,1.000000,0.000000,0.000000
p2-04,gain+broken+manualIde,3,1.000000,1.000000,0,0,0,0,0.000000,0.000000,1.000000,0.000000,0.000000
p2-04,skipTests+manualIde,2,1.000000,1.000000,0,0,0,0,0.000000,0.000000,1.000000,0.000000,0.000000
p2-04,gain+skipTests+manualIde,3,1.000000,1.000000,0,0,0,0,0.000000,0.000000,1.000000,0.000000,0.000000
p2-04,broken+skipTests+manualIde,3,1.000000,1.000000,0,0,0,0,0.000000,0.000000,1.000000,0.000000,0.000000
p2-04,gain+broken+skipTests+manualIde,4,1.000000,1.000000,0,0,0,0,0.000000,0.000000,1.000000,0.000000,0.000000
p2-04,length,1,1.000000,1.000000,0,0,0,0,0.000000,0.000000,1.000000,0.000000,0.000000
p2-04,gain+length,2,1.000000,1.000000,0,0,0,0,0.000000,0.000000,1.000000,0.000000,0.000000
p2-04,broken+length,2,1.000000,1.000000,0,0,0,0,0.000000,0.000000,1.000000,0.000000,0.000000
p2-04,gain+broken+length,3,1.000000,1.000000,0,0,0,0,0.000000,0.000000,1.000000,0.000000,0.000000
p2-04,skipTests+length,2,1.000000,1.000000,0,0,0,0,0.000000,0.000000,1.000000,0.000000,0.000000
p2-04,gain+skipTests+length,3,1.000000,1.000000,0,0,0,0,0.000000,0.000000,1.000000,0.000000,0.000000
p2-04,broken+skipTests+length,3,1.000000,1.000000,0,0,0,0,0.000000,0.000000,1.000000,0.000000,0.000000
p2-04,gain+broken+skipTests+length,4,1.000000,1.000000,0,0,0,0,0.000000,0.000000,1.000000,0.000000,0.000000
p2-04,manualIde+length,2,1.000000,1.000000,0,0,0,0,0.000000,0.000000,1.000000,0.000000,0.000000
p2-04,gain+manualIde+length,3,1.000000,1.000000,0,0,0,0,0.000000,0.000000,1.000000,0.000000,0.000000
p2-04,broken+manualIde+length,3,1.000000,1.000000,0,0,0,0,0.000000,0.000000,1.000000,0.000000,0.000000
p2-04,gain+broken+manualIde+length,4,1.000000,1.000000,0,0,0,0,0.000000,0.000000,1.000000,0.000000,0.000000
p2-04,skipTests+manualIde+length,3,1.000000,1.000000,0,0,0,0,0.000000,0.000000,1.000000,0.000000,0.000000
p2-04,gain+skipTests+manualIde+length,4,1.000000,1.000000,0,0,0,0,0.000000,0.000000,1.000000,0.000000,0.000000
p2-04,broken+skipTests+manualIde+length,4,1.000000,1.000000,0,0,0,0,0.000000,0.000000,1.000000,0.000000,0.000000
p2-04,gain+broken+skipTests+manualIde+length,5,1.000000,1.000000,0,0,0,0,0.000000,0.000000,1.000000,0.000000,0.000000
p2-04,commitGap,1,1.000000,1.000000,0,0,0,0,0.000000,0.000000,1.000000,0.000000,0.000000
p2-04,gain+commitGap,2,1.000000,1.000000,0,0,0,0,0.000000,0.000000,1.000000,0.000000,0.000000
p2-04,broken+commitGap,2,1.000000,1.000000,0,0,0,0,0.000000,0.000000,1.000000,0.000000,0.000000
p2-04,gain+broken+commitGap,3,1.000000,1.000000,0,0,0,0,0.000000,0.000000,1.000000,0.000000,0.000000
p2-04,skipTests+commitGap,2,1.000000,1.000000,0,0,0,0,0.000000,0.000000,1.000000,0.000000,0.000000
p2-04,gain+skipTests+commitGap,3,1.000000,1.000000,0,0,0,0,0.000000,0.000000,1.000000,0.000000,0.000000
p2-04,broken+skipTests+commitGap,3,1.000000,1.000000,0,0,0,0,0.000000,0.000000,1.000000,0.000000,0.000000
p2-04,gain+broken+skipTests+commitGap,4,1.000000,1.000000,0,0,0,0,0.000000,0.000000,1.000000,0.000000,0.000000
p2-04,manualIde+commitGap,2,1.000000,1.000000,0,0,0,0,0.000000,0.000000,1.000000,0.000000,0.000000
p2-04,gain+manualIde+commitGap,3,1.000000,1.000000,0,0,0,0,0.000000,0.000000,1.000000,0.000000,0.000000
p2-04,broken+manualIde+commitGap,3,1.000000,1.000000,0,0,0,0,0.000000,0.000000,1.000000,0.000000,0.000000
p2-04,gain+broken+manualIde+commitGap,4,1.000000,1.000000,0,0,0,0,0.000000,0.000000,1.000000,0.000000,0.000000
p2-04,skipTests+manualIde+commitGap,3,1.000000,1.000000,0,0,0,0,0.000000,0.000000,1.000000,0.000000,0.000000
p2-04,gain+skipTests+manualIde+commitGap,4,1.000000,1.000000,0,0,0,0,0.000000,0.000000,1.000000,0.000000,0.000000
p2-04,broken+skipTests+manualIde+commitGap,4,1.000000,1.000000,0,0,0,0,0.000000,0.000000,1.000000,0.000000,0.000000
p2-04,gain+broken+skipTests+manualIde+commitGap,5,1.000000,1.000000,0,0,0,0,0.000000,0.000000,1.000000,0.000000,0.000000
p2-04,length+commitGap,2,1.000000,1.000000,0,0,0,0,0.000000,0.000000,1.000000,0.000000,0.000000
p2-04,gain+length+commitGap,3,1.000000,1.000000,0,0,0,0,0.000000,0.000000,1.000000,0.000000,0.000000
p2-04,broken+length+commitGap,3,1.000000,1.000000,0,0,0,0,0.000000,0.000000,1.000000,0.000000,0.000000
p2-04,gain+broken+length+commitGap,4,1.000000,1.000000,0,0,0,0,0.000000,0.000000,1.000000,0.000000,0.000000
p2-04,skipTests+length+commitGap,3,1.000000,1.000000,0,0,0,0,0.000000,0.000000,1.000000,0.000000,0.000000
p2-04,gain+skipTests+length+commitGap,4,1.000000,1.000000,0,0,0,0,0.000000,0.000000,1.000000,0.000000,0.000000
p2-04,broken+skipTests+length+commitGap,4,1.000000,1.000000,0,0,0,0,0.000000,0.000000,1.000000,0.000000,0.000000
p2-04,gain+broken+skipTests+length+commitGap,5,1.000000,1.000000,0,0,0,0,0.000000,0.000000,1.000000,0.000000,0.000000
p2-04,manualIde+length+commitGap,3,1.000000,1.000000,0,0,0,0,0.000000,0.000000,1.000000,0.000000,0.000000
p2-04,gain+manualIde+length+commitGap,4,1.000000,1.000000,0,0,0,0,0.000000,0.000000,1.000000,0.000000,0.000000
p2-04,broken+manualIde+length+commitGap,4,1.000000,1.000000,0,0,0,0,0.000000,0.000000,1.000000,0.000000,0.000000
p2-04,gain+broken+manualIde+length+commitGap,5,1.000000,1.000000,0,0,0,0,0.000000,0.000000,1.000000,0.000000,0.000000
p2-04,skipTests+manualIde+length+commitGap,4,1.000000,1.000000,0,0,0,0,0.000000,0.000000,1.000000,0.000000,0.000000
p2-04,gain+skipTests+manualIde+length+commitGap,5,1.000000,1.000000,0,0,0,0,0.000000,0.000000,1.000000,0.000000,0.000000
p2-04,broken+skipTests+manualIde+length+commitGap,5,1.000000,1.000000,0,0,0,0,0.000000,0.000000,1.000000,0.000000,0.000000
p2-04,gain+broken+skipTests+manualIde+length+commitGap,6,1.000000,1.000000,0,0,0,0,0.000000,0.000000,1.000000,0.000000,0.000000
p2-05,(none),0,-0.666667,1.000000,4,4,0,0,16.000000,0.000000,0.000000,4.000000,7.000000
p2-05,gain,1,-0.666667,1.000000,4,4,0,0,16.000000,0.000000,0.000000,4.000000,7.000000
p2-05,broken,1,0.333333,1.000000,4,4,0,0,16.000000,4.000000,0.250000,4.000000,7.000000
p2-05,gain+broken,2,0.333333,1.000000,4,4,0,0,16.000000,4.000000,0.250000,4.000000,7.000000
p2-05,skipTests,1,-0.666667,1.000000,4,4,0,0,16.000000,0.000000,0.000000,4.000000,7.000000
p2-05,gain+skipTests,2,-0.666667,1.000000,4,4,0,0,16.000000,0.000000,0.000000,4.000000,7.000000
p2-05,broken+skipTests,2,0.333333,1.000000,4,4,0,0,16.000000,4.000000,0.250000,4.000000,7.000000
p2-05,gain+broken+skipTests,3,0.333333,1.000000,4,4,0,0,16.000000,4.000000,0.250000,4.000000,7.000000
p2-05,manualIde,1,-0.666667,1.000000,4,4,0,0,16.000000,0.000000,0.000000,4.000000,7.000000
p2-05,gain+manualIde,2,-0.666667,1.000000,4,4,0,0,16.000000,0.000000,0.000000,4.000000,7.000000
p2-05,broken+manualIde,2,0.333333,1.000000,4,4,0,0,16.000000,4.000000,0.250000,3.000000,7.000000
p2-05,gain+broken+manualIde,3,0.333333,1.000000,4,4,0,0,16.000000,4.000000,0.250000,3.000000,7.000000
p2-05,skipTests+manualIde,2,-0.666667,1.000000,4,4,0,0,16.000000,0.000000,0.000000,4.000000,7.000000
p2-05,gain+skipTests+manualIde,3,-0.666667,1.000000,4,4,0,0,16.000000,0.000000,0.000000,4.000000,7.000000
p2-05,broken+skipTests+manualIde,3,0.333333,1.000000,4,4,0,0,16.000000,4.000000,0.250000,3.000000,7.000000
p2-05,gain+broken+skipTests+manualIde,4,0.333333,1.000000,4,4,0,0,16.000000,4.000000,0.250000,3.000000,7.000000
p2-05,length,1,-0.333333,1.000000,4,4,0,0,16.000000,6.000000,0.375000,2.500000,7.000000
p2-05,gain+length,2,-0.333333,1.000000,4,4,0,0,16.000000,6.000000,0.375000,2.500000,7.000000
p2-05,broken+length,2,0.333333,1.000000,4,4,0,0,16.000000,8.000000,0.500000,2.500000,7.000000
p2-05,gain+broken+length,3,0.333333,1.000000,4,4,0,0,16.000000,8.000000,0.500000,2.500000,7.000000
p2-05,skipTests+length,2,-0.333333,1.000000,4,4,0,0,16.000000,6.000000,0.375000,2.500000,7.000000
p2-05,gain+skipTests+length,3,-0.333333,1.000000,4,4,0,0,16.000000,6.000000,0.375000,2.500000,7.000000
p2-05,broken+skipTests+length,3,0.333333,1.000000,4,4,0,0,16.000000,8.000000,0.500000,2.500000,7.000000
p2-05,gain+broken+skipTests+length,4,0.333333,1.000000,4,4,0,0,16.000000,8.000000,0.500000,2.500000,7.000000
p2-05,manualIde+length,2,-0.333333,1.000000,4,4,0,0,16.000000,6.000000,0.375000,2.500000,7.000000
p2-05,gain+manualIde+length,3,-0.333333,1.000000,4,4,0,0,16.000000,6.000000,0.375000,2.500000,7.000000
p2-05,broken+manualIde+length,3,0.333333,1.000000,4,4,0,0,16.000000,9.000000,0.562500,1.750000,7.000000
p2-05,gain+broken+manualIde+length,4,0.333333,1.000000,4,4,0,0,16.000000,9.000000,0.562500,1.750000,7.000000
p2-05,skipTests+manualIde+length,3,-0.333333,1.000000,4,4,0,0,16.000000,6.000000,0.375000,2.500000,7.000000
p2-05,gain+skipTests+manualIde+length,4,-0.333333,1.000000,4,4,0,0,16.000000,6.000000,0.375000,2.500000,7.000000
p2-05,broken+skipTests+manualIde+length,4,0.333333,1.000000,4,4,0,0,16.000000,9.000000,0.562500,1.750000,7.000000
p2-05,gain+broken+skipTests+manualIde+length,5,0.333333,1.000000,4,4,0,0,16.000000,9.000000,0.562500,1.750000,7.000000
p2-05,commitGap,1,0.333333,1.000000,4,4,0,0,16.000000,7.000000,0.437500,2.250000,6.000000
p2-05,gain+commitGap,2,0.333333,1.000000,4,4,0,0,16.000000,7.000000,0.437500,2.250000,6.000000
p2-05,broken+commitGap,2,0.666667,1.000000,4,4,0,0,16.000000,11.000000,0.687500,2.250000,7.000000
p2-05,gain+broken+commitGap,3,0.666667,1.000000,4,4,0,0,16.000000,11.000000,0.687500,2.250000,7.000000
p2-05,skipTests+commitGap,2,0.333333,1.000000,4,4,0,0,16.000000,7.000000,0.437500,2.250000,6.000000
p2-05,gain+skipTests+commitGap,3,0.333333,1.000000,4,4,0,0,16.000000,7.000000,0.437500,2.250000,6.000000
p2-05,broken+skipTests+commitGap,3,0.666667,1.000000,4,4,0,0,16.000000,11.000000,0.687500,2.250000,7.000000
p2-05,gain+broken+skipTests+commitGap,4,0.666667,1.000000,4,4,0,0,16.000000,11.000000,0.687500,2.250000,7.000000
p2-05,manualIde+commitGap,2,0.333333,1.000000,4,4,0,0,16.000000,7.000000,0.437500,2.250000,6.000000
p2-05,gain+manualIde+commitGap,3,0.333333,1.000000,4,4,0,0,16.000000,7.000000,0.437500,2.250000,6.000000
p2-05,broken+manualIde+commitGap,3,1.000000,1.000000,4,4,0,0,16.000000,11.000000,0.687500,1.250000,5.000000
p2-05,gain+broken+manualIde+commitGap,4,1.000000,1.000000,4,4,0,0,16.000000,11.000000,0.687500,1.250000,5.000000
p2-05,skipTests+manualIde+commitGap,3,0.333333,1.000000,4,4,0,0,16.000000,7.000000,0.437500,2.250000,6.000000
p2-05,gain+skipTests+manualIde+commitGap,4,0.333333,1.000000,4,4,0,0,16.000000,7.000000,0.437500,2.250000,6.000000
p2-05,broken+skipTests+manualIde+commitGap,4,1.000000,1.000000,4,4,0,0,16.000000,11.000000,0.687500,1.250000,5.000000
p2-05,gain+broken+skipTests+manualIde+commitGap,5,1.000000,1.000000,4,4,0,0,16.000000,11.000000,0.687500,1.250000,5.000000
p2-05,length+commitGap,2,0.666667,1.000000,4,4,0,0,16.000000,13.000000,0.812500,0.750000,2.000000
p2-05,gain+length+commitGap,3,0.666667,1.000000,4,4,0,0,16.000000,13.000000,0.812500,0.750000,2.000000
p2-05,broken+length+commitGap,3,1.000000,1.000000,4,4,0,0,16.000000,15.000000,0.937500,0.750000,1.000000
p2-05,gain+broken+length+commitGap,4,1.000000,1.000000,4,4,0,0,16.000000,15.000000,0.937500,0.750000,1.000000
p2-05,skipTests+length+commitGap,3,0.666667,1.000000,4,4,0,0,16.000000,13.000000,0.812500,0.750000,2.000000
p2-05,gain+skipTests+length+commitGap,4,0.666667,1.000000,4,4,0,0,16.000000,13.000000,0.812500,0.750000,2.000000
p2-05,broken+skipTests+length+commitGap,4,1.000000,1.000000,4,4,0,0,16.000000,15.000000,0.937500,0.750000,1.000000
p2-05,gain+broken+skipTests+length+commitGap,5,1.000000,1.000000,4,4,0,0,16.000000,15.000000,0.937500,0.750000,1.000000
p2-05,manualIde+length+commitGap,3,0.666667,1.000000,4,4,0,0,16.000000,13.000000,0.812500,0.750000,2.000000
p2-05,gain+manualIde+length+commitGap,4,0.666667,1.000000,4,4,0,0,16.000000,13.000000,0.812500,0.750000,2.000000
p2-05,broken+manualIde+length+commitGap,4,1.000000,1.000000,4,4,0,0,16.000000,16.000000,1.000000,0.000000,0.000000
p2-05,gain+broken+manualIde+length+commitGap,5,1.000000,1.000000,4,4,0,0,16.000000,16.000000,1.000000,0.000000,0.000000
p2-05,skipTests+manualIde+length+commitGap,4,0.666667,1.000000,4,4,0,0,16.000000,13.000000,0.812500,0.750000,2.000000
p2-05,gain+skipTests+manualIde+length+commitGap,5,0.666667,1.000000,4,4,0,0,16.000000,13.000000,0.812500,0.750000,2.000000
p2-05,broken+skipTests+manualIde+length+commitGap,5,1.000000,1.000000,4,4,0,0,16.000000,16.000000,1.000000,0.000000,0.000000
p2-05,gain+broken+skipTests+manualIde+length+commitGap,6,1.000000,1.000000,4,4,0,0,16.000000,16.000000,1.000000,0.000000,0.000000
p2-06,(none),0,-1.000000,1.000000,6,6,0,0,13.000000,0.000000,0.000000,2.166667,7.000000
p2-06,gain,1,-1.000000,1.000000,6,6,0,0,13.000000,0.000000,0.000000,2.166667,7.000000
p2-06,broken,1,-0.333333,1.000000,6,6,0,0,13.000000,27.000000,2.076923,6.666667,10.000000
p2-06,gain+broken,2,-0.333333,1.000000,6,6,0,0,13.000000,27.000000,2.076923,6.666667,10.000000
p2-06,skipTests,1,-1.000000,1.000000,6,6,0,0,13.000000,0.000000,0.000000,2.166667,7.000000
p2-06,gain+skipTests,2,-1.000000,1.000000,6,6,0,0,13.000000,0.000000,0.000000,2.166667,7.000000
p2-06,broken+skipTests,2,-0.333333,1.000000,6,6,0,0,13.000000,27.000000,2.076923,6.666667,10.000000
p2-06,gain+broken+skipTests,3,-0.333333,1.000000,6,6,0,0,13.000000,27.000000,2.076923,6.666667,10.000000
p2-06,manualIde,1,-0.333333,1.000000,6,6,0,0,13.000000,12.000000,0.923077,2.166667,7.000000
p2-06,gain+manualIde,2,-0.333333,1.000000,6,6,0,0,13.000000,12.000000,0.923077,2.166667,7.000000
p2-06,broken+manualIde,2,0.000000,1.000000,6,6,0,0,13.000000,21.000000,1.615385,4.666667,7.000000
p2-06,gain+broken+manualIde,3,0.000000,1.000000,6,6,0,0,13.000000,21.000000,1.615385,4.666667,7.000000
p2-06,skipTests+manualIde,2,-0.333333,1.000000,6,6,0,0,13.000000,12.000000,0.923077,2.166667,7.000000
p2-06,gain+skipTests+manualIde,3,-0.333333,1.000000,6,6,0,0,13.000000,12.000000,0.923077,2.166667,7.000000
p2-06,broken+skipTests+manualIde,3,0.000000,1.000000,6,6,0,0,13.000000,21.000000,1.615385,4.666667,7.000000
p2-06,gain+broken+skipTests+manualIde,4,0.000000,1.000000,6,6,0,0,13.000000,21.000000,1.615385,4.666667,7.000000
p2-06,length,1,-1.000000,1.000000,6,6,0,0,13.000000,0.000000,0.000000,2.166667,7.000000
p2-06,gain+length,2,-1.000000,1.000000,6,6,0,0,13.000000,0.000000,0.000000,2.166667,7.000000
p2-06,broken+length,2,-0.333333,1.000000,6,6,0,0,13.000000,27.000000,2.076923,6.666667,10.000000
p2-06,gain+broken+length,3,-0.333333,1.000000,6,6,0,0,13.000000,27.000000,2.076923,6.666667,10.000000
p2-06,skipTests+length,2,-1.000000,1.000000,6,6,0,0,13.000000,0.000000,0.000000,2.166667,7.000000
p2-06,gain+skipTests+length,3,-1.000000,1.000000,6,6,0,0,13.000000,0.000000,0.000000,2.166667,7.000000
p2-06,broken+skipTests+length,3,-0.333333,1.000000,6,6,0,0,13.000000,27.000000,2.076923,6.666667,10.000000
p2-06,gain+broken+skipTests+length,4,-0.333333,1.000000,6,6,0,0,13.000000,27.000000,2.076923,6.666667,10.000000
p2-06,manualIde+length,2,-0.333333,1.000000,6,6,0,0,13.000000,12.000000,0.923077,2.166667,7.000000
p2-06,gain+manualIde+length,3,-0.333333,1.000000,6,6,0,0,13.000000,12.000000,0.923077,2.166667,7.000000
p2-06,broken+manualIde+length,3,0.000000,1.000000,6,6,0,0,13.000000,21.000000,1.615385,4.666667,7.000000
p2-06,gain+broken+manualIde+length,4,0.000000,1.000000,6,6,0,0,13.000000,21.000000,1.615385,4.666667,7.000000
p2-06,skipTests+manualIde+length,3,-0.333333,1.000000,6,6,0,0,13.000000,12.000000,0.923077,2.166667,7.000000
p2-06,gain+skipTests+manualIde+length,4,-0.333333,1.000000,6,6,0,0,13.000000,12.000000,0.923077,2.166667,7.000000
p2-06,broken+skipTests+manualIde+length,4,0.000000,1.000000,6,6,0,0,13.000000,21.000000,1.615385,4.666667,7.000000
p2-06,gain+broken+skipTests+manualIde+length,5,0.000000,1.000000,6,6,0,0,13.000000,21.000000,1.615385,4.666667,7.000000
p2-06,commitGap,1,0.000000,1.000000,6,6,0,0,13.000000,28.000000,2.153846,3.500000,6.000000
p2-06,gain+commitGap,2,0.000000,1.000000,6,6,0,0,13.000000,28.000000,2.153846,3.500000,6.000000
p2-06,broken+commitGap,2,0.333333,1.000000,6,6,0,0,13.000000,13.000000,1.000000,2.000000,3.000000
p2-06,gain+broken+commitGap,3,0.333333,1.000000,6,6,0,0,13.000000,13.000000,1.000000,2.000000,3.000000
p2-06,skipTests+commitGap,2,0.000000,1.000000,6,6,0,0,13.000000,28.000000,2.153846,3.500000,6.000000
p2-06,gain+skipTests+commitGap,3,0.000000,1.000000,6,6,0,0,13.000000,28.000000,2.153846,3.500000,6.000000
p2-06,broken+skipTests+commitGap,3,0.333333,1.000000,6,6,0,0,13.000000,13.000000,1.000000,2.000000,3.000000
p2-06,gain+broken+skipTests+commitGap,4,0.333333,1.000000,6,6,0,0,13.000000,13.000000,1.000000,2.000000,3.000000
p2-06,manualIde+commitGap,2,0.333333,1.000000,6,6,0,0,13.000000,40.000000,3.076923,4.500000,9.000000
p2-06,gain+manualIde+commitGap,3,0.333333,1.000000,6,6,0,0,13.000000,40.000000,3.076923,4.500000,9.000000
p2-06,broken+manualIde+commitGap,3,1.000000,1.000000,6,6,0,0,13.000000,13.000000,1.000000,0.000000,0.000000
p2-06,gain+broken+manualIde+commitGap,4,1.000000,1.000000,6,6,0,0,13.000000,13.000000,1.000000,0.000000,0.000000
p2-06,skipTests+manualIde+commitGap,3,0.333333,1.000000,6,6,0,0,13.000000,40.000000,3.076923,4.500000,9.000000
p2-06,gain+skipTests+manualIde+commitGap,4,0.333333,1.000000,6,6,0,0,13.000000,40.000000,3.076923,4.500000,9.000000
p2-06,broken+skipTests+manualIde+commitGap,4,1.000000,1.000000,6,6,0,0,13.000000,13.000000,1.000000,0.000000,0.000000
p2-06,gain+broken+skipTests+manualIde+commitGap,5,1.000000,1.000000,6,6,0,0,13.000000,13.000000,1.000000,0.000000,0.000000
p2-06,length+commitGap,2,0.000000,1.000000,6,6,0,0,13.000000,28.000000,2.153846,3.500000,6.000000
p2-06,gain+length+commitGap,3,0.000000,1.000000,6,6,0,0,13.000000,28.000000,2.153846,3.500000,6.000000
p2-06,broken+length+commitGap,3,0.333333,1.000000,6,6,0,0,13.000000,13.000000,1.000000,2.000000,3.000000
p2-06,gain+broken+length+commitGap,4,0.333333,1.000000,6,6,0,0,13.000000,13.000000,1.000000,2.000000,3.000000
p2-06,skipTests+length+commitGap,3,0.000000,1.000000,6,6,0,0,13.000000,28.000000,2.153846,3.500000,6.000000
p2-06,gain+skipTests+length+commitGap,4,0.000000,1.000000,6,6,0,0,13.000000,28.000000,2.153846,3.500000,6.000000
p2-06,broken+skipTests+length+commitGap,4,0.333333,1.000000,6,6,0,0,13.000000,13.000000,1.000000,2.000000,3.000000
p2-06,gain+broken+skipTests+length+commitGap,5,0.333333,1.000000,6,6,0,0,13.000000,13.000000,1.000000,2.000000,3.000000
p2-06,manualIde+length+commitGap,3,0.333333,1.000000,6,6,0,0,13.000000,40.000000,3.076923,4.500000,9.000000
p2-06,gain+manualIde+length+commitGap,4,0.333333,1.000000,6,6,0,0,13.000000,40.000000,3.076923,4.500000,9.000000
p2-06,broken+manualIde+length+commitGap,4,1.000000,1.000000,6,6,0,0,13.000000,13.000000,1.000000,0.000000,0.000000
p2-06,gain+broken+manualIde+length+commitGap,5,1.000000,1.000000,6,6,0,0,13.000000,13.000000,1.000000,0.000000,0.000000
p2-06,skipTests+manualIde+length+commitGap,4,0.333333,1.000000,6,6,0,0,13.000000,40.000000,3.076923,4.500000,9.000000
p2-06,gain+skipTests+manualIde+length+commitGap,5,0.333333,1.000000,6,6,0,0,13.000000,40.000000,3.076923,4.500000,9.000000
p2-06,broken+skipTests+manualIde+length+commitGap,5,1.000000,1.000000,6,6,0,0,13.000000,13.000000,1.000000,0.000000,0.000000
p2-06,gain+broken+skipTests+manualIde+length+commitGap,6,1.000000,1.000000,6,6,0,0,13.000000,13.000000,1.000000,0.000000,0.000000
